Date,Open,High,Low,Close,Volume,Adj Close
2020/4/9,24.20,25.79,24.20,25.12,2201,25.12
2020/4/8,25.41,25.41,25.41,25.41,0,25.41
2020/4/7,27.55,27.55,24.62,25.41,555,25.41
2020/4/1,27.93,27.93,25.01,25.89,251,25.89
2020/3/31,27.34,27.34,27.34,27.34,0,27.34
2020/3/31,27.49,27.49,24.03,25.96,1230,25.96
2020/3/27,27.34,27.34,27.34,27.34,0,27.34
2020/3/26,27.34,27.34,27.34,27.34,0,27.34
2020/3/25,27.34,27.34,27.34,27.34,0,27.34
2020/3/24,27.34,27.34,27.34,27.34,0,27.34
2020/3/23,27.34,27.34,27.34,27.34,0,27.34
2020/3/20,27.34,27.34,27.34,27.34,0,27.34
2020/3/19,27.34,27.34,27.34,27.34,0,27.34
2020/3/18,27.34,27.34,27.34,27.34,0,27.34
2020/3/17,27.34,27.34,27.34,27.34,0,27.34
2020/3/16,27.34,27.34,27.34,27.34,0,27.34
2020/3/13,27.34,27.34,27.34,27.34,0,27.34
2020/3/12,27.34,27.34,27.34,27.34,0,27.34
2020/3/11,27.34,27.34,27.34,27.34,0,27.34
2020/3/10,27.34,27.34,27.34,27.34,0,27.34
2020/3/9,27.34,27.34,27.34,27.34,0,27.34
2020/3/6,27.34,27.34,27.34,27.34,0,27.34
2020/3/5,27.34,27.34,27.34,27.34,0,27.34
2020/3/4,27.34,27.34,27.34,27.34,0,27.34
2020/3/3,27.34,27.34,27.34,27.34,0,27.34
2020/3/2,27.34,27.34,27.34,27.34,0,27.34
2020/2/28,27.34,27.34,27.34,27.34,0,27.34
2020/2/27,27.34,27.34,27.34,27.34,0,27.34
2020/2/26,27.34,27.34,27.34,27.34,0,27.34
2020/2/25,27.34,27.34,27.34,27.34,0,27.34
2020/2/24,27.34,27.34,27.34,27.34,0,27.34
2020/2/21,27.34,27.34,27.34,27.34,0,27.34
2020/2/20,27.34,27.34,27.34,27.34,0,27.34
2020/2/19,27.34,27.34,27.34,27.34,0,27.34
2020/2/18,27.34,27.34,27.34,27.34,0,27.34
2020/2/17,27.34,27.34,27.34,27.34,0,27.34
2020/2/14,27.34,27.34,27.34,27.34,0,27.34
2020/2/13,27.34,27.34,27.34,27.34,0,27.34
2020/2/12,27.34,27.34,27.34,27.34,0,27.34
2020/2/11,27.34,27.34,27.34,27.34,0,27.34
2020/2/10,27.34,27.34,27.34,27.34,0,27.34
2020/1/23,26.61,29.70,26.61,27.34,2061,27.34
2020/1/22,28.40,29.99,27.31,27.51,14514,27.51
2020/1/21,28.48,28.48,26.69,28.40,4519,28.40
2020/1/20,29.48,29.48,26.89,28.77,10965,28.77
2020/1/17,26.62,28.98,26.62,27.49,8146,27.49
2020/1/16,25.63,29.78,25.63,29.29,26929,29.29
2020/1/15,28.63,28.63,26.36,27.44,7575,27.44
2020/1/14,29.80,29.80,26.57,27.85,46135,27.85
2020/1/13,26.20,28.76,26.20,27.46,309453,27.46
2020/1/10,28.75,28.75,27.15,27.84,2938,27.84
2020/1/9,26.70,28.31,25.50,27.88,14035,27.88
2020/1/8,27.50,28.39,27.02,28.13,5120,28.13
2020/1/7,26.61,28.99,26.61,27.03,14188,27.03
2020/1/6,28.00,28.00,28.80,26.90,12904,26.90
2020/1/3,28.04,28.04,26.82,26.93,116,26.93
2020/1/2,26.52,27.96,26.52,27.96,3005,27.96
2019/12/31,26.31,28.18,26.00,26.66,146899,26.66
2019/12/27,26.58,28.27,26.58,26.98,54937,26.98
2019/12/26,25.81,27.95,25.81,26.71,43200,26.71
2019/12/25,28.30,28.20,26.24,27.00,75426,27.00
2019/12/24,25.66,28.20,25.66,27.11,78238,27.11
2019/12/23,27.38,27.38,26.12,27.00,26536,27.00
2019/12/20,27.05,27.32,25.55,27.09,20500,27.09
2019/12/19,29.89,29.89,25.72,26.80,174811,26.80
2019/12/18,25.51,27.37,25.51,27.18,6798,27.18
2019/12/17,27.20,27.39,27.00,27.33,38169,27.33
2019/12/16,27.29,27.48,26.01,27.30,13744,27.30
2019/12/13,27.20,27.50,25.22,27.29,41718,27.29
2019/12/12,26.02,27.25,26.02,27.22,18451,27.22
2019/12/11,25.40,27.14,25.32,27.14,130143,27.14
2019/12/10,24.12,26.35,24.12,26.33,81090,26.33
2019/12/9,23.90,25.93,23.90,25.30,167573,25.30
2019/12/4,25.74,25.76,25.00,25.02,434921,25.02
2019/11/29,23.60,25.19,23.60,24.74,185071,24.74
2019/11/27,22.87,25.70,22.87,25.15,114176,25.15
2019/11/25,26.50,26.50,25.01,25.30,118383,25.30
2019/11/22,25.00,25.75,25.00,25.57,96399,25.57
2019/11/21,27.57,27.57,25.06,25.76,104928,25.76
2019/11/20,28.90,29.50,24.78,25.06,256957,25.06
2019/11/19,30.33,30.33,26.10,27.52,98720,27.52
2019/11/18,29.89,29.89,28.10,28.59,13195,28.59
2019/11/15,27.00,29.80,27.00,28.10,26676,28.10
2019/11/14,29.02,31.00,29.00,29.86,49462,29.86
2019/11/13,29.80,31.75,29.00,30.79,59182,30.79
2019/11/8,28.00,29.38,28.00,28.99,31423,28.99
2019/11/5,28.00,30.20,28.00,29.60,13592,29.60
2019/11/4,29.01,31.47,29.01,30.60,4962,30.60
2019/11/1,29.00,31.47,27.50,30.95,1523,30.95
2019/10/31,32.29,32.29,29.57,36.06,11452,36.06
2019/10/30,29.10,32.99,29.10,30.07,8454,30.07
2019/10/29,28.16,34.11,28.16,30.50,28,30.50
2019/10/28,33.47,33.47,31.00,31.04,8427,31.04
2019/10/21,32.00,35.91,30.12,32.98,117432,32.98
2019/10/18,32.04,33.40,32.04,33.22,50509,33.22
2019/10/16,33.75,33.75,31.81,32.98,464,32.98
2019/10/15,31.74,33.92,29.88,32.78,1466,32.78
2019/10/14,34.92,34.92,32.06,32.95,537,32.95
2019/10/11,33.97,33.97,32.11,32.12,1002,32.12
2019/10/9,31.06,32.99,31.05,32.13,9335,32.13
2019/10/8,33.60,35.40,31.00,33.42,5338,33.42
2019/9/30,29.95,33.80,29.95,32.61,2916,32.61
2019/9/27,31.18,32.98,31.18,32.85,872,32.85
2019/9/26,31.51,35.86,31.51,32.95,3247,32.95
2019/9/25,34.45,34.45,32.10,32.97,40,32.97
2019/9/24,29.52,34.99,29.52,32.88,37,32.88
2019/9/23,34.78,34.78,31.91,32.60,24,32.60
2019/9/20,31.00,33.48,31.00,32.08,80206,32.08
2019/9/19,32.00,35.99,31.50,32.65,4317,32.65
2019/9/18,30.52,32.99,30.52,32.98,965,32.98
2019/9/16,30.52,32.99,30.52,32.98,965,32.98
2019/9/12,29.52,33.75,29.52,32.99,23801,32.99
2019/9/11,31.64,33.49,31.64,32.65,19994,32.65
2019/9/10,32.06,33.99,32.06,33.50,15521,33.50
2019/9/9,31.50,34.80,31.50,33.89,4702,33.89
2019/9/6,36.20,36.26,33.00,33.31,30286,33.31
2019/9/5,35.09,35.09,33.50,34.29,56123,34.29
2019/9/4,32.23,35.20,32.23,34.89,13680,34.89
2019/9/3,32.04,35.97,32.04,34.78,16213,34.78
2019/9/2,35.40,35.49,34.12,34.93,71121,34.93
2019/8/29,35.34,35.34,33.01,34.57,38386,34.57
2019/8/28,35.62,35.62,34.23,34.94,5377,34.94
2019/8/27,35.90,37.30,34.22,35.17,100851,35.17
2019/8/26,35.90,37.30,34.22,35.17,100851,35.17
2019/8/22,38.00,38.00,34.01,36.48,38898,36.48
2019/8/20,34.87,34.87,33.33,33.55,4325,33.55
2019/8/19,29.52,34.80,29.52,33.51,276330,33.51
2019/8/16,36.61,36.61,32.33,33.53,11984,33.53
2019/8/15,36.61,36.61,32.33,33.53,11984,33.53
2019/8/13,35.90,36.95,33.00,35.27,124371,35.27
2019/8/9,38.49,38.49,37.34,37.84,22535,37.84
2019/8/8,38.00,38.80,37.68,37.98,42303,37.98
2019/8/7,41.27,41.27,37.50,38.00,5301,38.00
2019/8/6,41.50,41.50,34.34,37.52,3427,37.52
2019/8/5,38.80,38.80,37.58,38.08,1943,38.08
2019/8/2,42.26,42.26,38.00,38.07,28468,38.07
2019/8/1,44.00,44.50,38.50,38.60,5174,38.60
2019/7/31,42.40,42.40,38.10,40.66,26,40.66
2019/7/30,38.99,40.99,38.20,38.70,11623,38.70
2019/7/29,42.44,42.44,38.00,38.91,123760,38.91
2019/7/26,38.10,40.24,38.10,38.90,17050,38.90
2019/7/25,42.45,42.45,38.50,39.26,27693,39.26
2019/7/24,39.87,39.87,38.15,38.90,472,38.90
2019/7/23,38.00,39.80,38.00,38.65,18397,38.65
2019/7/22,43.20,43.20,38.10,39.25,21913,39.25
2019/7/19,42.78,42.78,38.01,39.29,3943,39.29
2019/7/18,43.29,43.29,38.26,39.16,755,39.16
2019/7/17,43.40,43.40,38.50,39.43,7787,39.43
2019/7/15,42.84,42.84,37.64,39.74,1341,39.74
2019/7/12,44.44,44.44,38.00,39.53,22930,39.53
2019/7/11,41.89,44.72,38.51,40.81,34538,40.81
2019/7/10,38.16,42.78,38.16,40.65,1733,40.65
2019/7/9,37.00,41.88,37.00,40.85,9797,40.85
2019/7/8,35.19,42.98,35.19,38.55,10875,38.55
2019/7/5,42.78,42.78,38.10,39.10,2513,39.10
2019/7/4,35.48,42.06,35.48,39.01,369,39.01
2019/7/3,41.95,41.95,37.01,39.42,506,39.42
2019/7/2,34.00,39.20,34.00,38.23,996,38.23
2019/7/1,34.63,42.09,34.63,37.76,1123,37.76
2019/6/28,33.10,40.20,33.10,38.48,543,38.48
2019/6/27,33.86,41.25,33.86,36.73,470,36.73
2019/6/26,33.26,39.75,33.26,37.62,87,37.62
2019/6/25,33.29,36.96,33.29,37.76,480,37.76
2019/6/24,32.89,37.90,32.89,36.99,739,36.99
2019/6/21,31.31,38.27,31.31,36.54,781,36.54
2019/6/20,33.97,41.51,33.97,34.79,7256,34.79
2019/6/18,25.79,31.50,25.79,31.19,6534,31.19
2019/6/18,25.79,31.50,25.79,31.19,5472,31.19
2019/6/17,25.79,31.50,25.79,28.65,6534,28.65
2019/6/14,27.50,33.40,27.50,28.65,2015,28.65
2019/6/13,36.98,37.00,36.98,36.98,3127,36.98
2019/6/11,36.98,37.00,36.98,36.98,866,36.98
2019/6/10,41.09,44.00,41.09,41.09,1320,41.09
2019/6/6,45.65,49.00,45.65,45.65,1832,45.65
2019/6/5,48.47,55.18,48.47,50.72,9426,50.72
2019/6/4,47.19,56.99,47.19,53.85,12436,53.85
2019/6/3,55.99,56.00,50.00,52.43,19340,52.43
2019/5/31,42.22,51.59,42.22,51.59,6240,51.59
2019/5/30,46.23,46.23,46.23,46.23,2198,46.23
2019/5/29,44.88,44.91,41.61,44.90,9975,44.90
2019/5/28,38.85,38.85,38.85,38.85,1159,38.85
2019/5/27,37.71,37.71,37.71,37.71,2875,37.71
2019/5/24,39.98,39.98,34.01,36.88,131,36.88
2019/5/23,39.17,39.17,35.01,36.94,8265,36.94
2019/5/22,32.52,35.96,32.52,35.71,311,35.71
2019/5/21,31.92,38.99,31.92,35.63,539,35.63
2019/5/20,38.14,38.14,33.13,35.45,1541,35.45
2019/5/16,39.38,39.38,32.26,35.82,877,35.82
2019/5/15,36.29,36.29,31.51,35.84,274,35.84
2019/5/14,35.80,35.80,31.50,32.99,329,32.99
2019/5/13,36.30,36.30,31.01,32.59,1390,32.59
2019/5/10,36.20,36.20,32.96,33.95,158,33.95
2019/5/9,33.40,33.40,30.50,32.99,170,32.99
2019/5/8,36.28,36.29,30.50,32.98,730,32.98
2019/5/7,31.95,31.95,31.95,31.95,692,31.95
2019/5/6,33.10,33.10,29.13,32.88,667,32.88
2019/4/30,29.91,31.99,26.91,30.49,390,30.49
2019/4/29,29.99,32.60,28.11,29.90,1664,29.90
2019/4/26,29.98,29.98,28.03,29.70,67,29.70
2019/4/25,31.79,28.38,25.04,31.79,111,31.79
2019/4/24,28.93,28.93,28.93,28.93,618,28.93
2019/4/23,30.96,30.96,26.01,29.64,146,29.64
2019/4/22,30.98,30.98,27.07,28.73,38,28.73
2019/4/19,28.98,28.98,28.50,28.50,6,28.50
2019/4/18,26.60,30.99,26.60,30.96,30,30.96
2019/4/17,30.90,30.90,27.37,29.48,14,29.48
2019/4/16,29.25,29.25,29.25,29.25,8,29.25
2019/4/15,34.30,34.30,28.21,28.58,3020,28.58
2019/4/12,31.33,31.33,31.33,31.33,1,31.33
2019/4/11,27.57,29.87,27.57,28.50,117,28.50
2019/4/10,24.85,30.35,24.85,27.54,16,27.54
2019/4/9,25.26,28.65,25.26,27.61,1020,27.61
2019/4/8,28.97,28.97,28.06,28.07,359,28.07
2019/4/4,29.80,29.80,28.63,28.64,68,28.64
2019/4/3,31.30,31.30,27.03,28.51,6779,28.51
2019/4/2,30.88,30.88,27.00,28.55,123,28.55
2019/4/1,25.80,29.85,25.80,28.99,8867,28.99
2019/3/29,26.03,30.95,26.03,28.46,166,28.46
2019/3/28,26.03,30.95,26.03,28.46,166,28.46
2019/3/27,27.52,28.64,27.52,28.56,23,28.56
2019/3/26,25.55,28.46,25.55,28.45,2184,28.45
2019/3/25,26.16,31.49,26.16,28.39,689,28.39
2019/3/22,31.42,31.42,27.84,28.70,2157,28.70
2019/3/21,28.00,28.61,27.00,28.60,4159,28.60
2019/3/20,28.02,28.02,28.02,28.02,1025,28.02
2019/3/19,28.54,28.54,28.20,28.52,267,28.52
2019/3/18,29.00,29.00,27.01,28.53,162,28.53
2019/3/15,28.56,28.56,28.56,28.56,639,28.56
2019/3/14,30.40,30.40,27.08,28.79,2626,28.79
2019/3/13,31.49,31.49,27.57,27.81,228,27.81
2019/3/12,29.99,29.99,28.50,28.87,39,28.87
2019/3/11,32.20,32.20,28.50,28.55,71,28.55
2019/3/8,26.12,30.80,26.12,29.31,13,29.31
2019/3/7,31.60,31.60,27.51,28.79,25,28.79
2019/3/6,31.09,31.09,28.50,28.76,35,28.76
2019/3/5,28.50,30.20,28.26,29.90,3072,29.90
2019/3/4,30.90,30.90,26.51,28.26,1975,28.26
2019/3/1,28.89,28.89,28.00,28.50,5202,28.50
2019/2/28,26.66,29.28,26.66,28.89,147,28.89
2019/2/27,30.75,30.75,27.08,28.83,678,28.83
2019/2/26,29.33,29.33,27.02,28.04,511,28.04
2019/2/25,26.05,31.20,26.05,28.44,1943,28.44
2019/2/22,29.99,29.99,26.50,28.65,143,28.65
2019/2/21,28.32,28.60,28.32,28.40,126,28.40
2019/2/20,31.49,31.49,25.93,31.47,2442,31.47
2019/2/19,26.39,28.80,26.39,28.71,72,28.71
2019/2/18,26.16,28.79,26.16,28.74,578,28.74
2019/2/15,30.91,30.91,26.55,28.97,5100,28.97
2019/2/14,26.25,30.88,26.25,28.55,2617,28.55
2019/2/13,31.65,31.65,26.20,28.80,823,28.80
2019/2/12,34.08,34.08,27.89,28.80,22,28.80
2019/2/11,30.99,30.99,30.99,30.99,1,30.99
2019/2/2,28.71,28.71,28.71,28.71,0,28.71
2019/2/1,32.50,32.50,27.62,29.19,191,29.19
2019/1/31,30.20,30.20,28.10,29.60,14,29.60
2019/1/30,27.09,29.89,27.09,28.99,159,28.99
2019/1/29,28.05,28.05,28.05,28.05,0,28.05
2019/1/28,28.05,28.05,28.05,28.05,0,28.05
2019/1/25,28.05,28.05,28.05,28.05,0,28.05
2019/1/24,28.11,29.00,28.01,28.51,744,28.51
2019/1/23,30.76,30.76,30.74,30.74,25,30.74
2019/1/22,26.37,29.99,26.37,28.98,295,28.98
2019/1/21,27.09,31.81,27.09,29.30,507,29.30
2019/1/18,28.00,29.59,28.00,29.30,193,29.30
2019/1/17,35.20,35.20,28.82,31.04,34634,31.04
2019/1/16,32.23,32.23,28.05,32.02,316,32.02
2019/1/15,27.01,31.96,27.01,29.30,333,29.30
2019/1/14,28.02,29.76,28.02,29.35,567,29.35
2019/1/11,32.16,32.16,28.06,31.11,5,31.11
2019/1/10,30.00,30.00,28.13,29.73,34,29.73
2019/1/9,26.18,29.48,26.18,28.86,716,28.86
2019/1/8,29.80,29.80,28.09,29.09,327,29.09
2019/1/7,28.27,29.00,28.27,28.98,922,28.98
2019/1/4,31.49,31.49,26.65,29.98,8,29.98
2019/1/3,27.92,33.49,27.92,29.44,143,29.44
2019/1/2,30.00,31.95,28.50,31.02,10109,31.02
2018/12/28,27.01,32.03,27.01,31.28,374,31.28
2018/12/27,28.01,30.99,28.01,29.12,86,29.12
2018/12/26,32.64,32.64,27.51,30.68,5,30.68
2018/12/25,28.01,30.75,28.01,29.69,669,29.69
2018/12/24,30.84,30.84,28.18,29.97,50,29.97
2018/12/21,28.51,28.98,28.05,28.06,3826,28.06
2018/12/20,30.95,30.99,28.06,29.98,3458,29.98
2018/12/19,27.03,30.26,27.03,28.95,647,28.95
2018/12/18,30.94,30.94,28.50,29.79,411,29.79
2018/12/17,30.87,30.87,28.88,29.98,207,29.98
2018/12/14,31.97,31.97,28.60,29.69,339,29.69
2018/12/13,31.00,31.00,28.63,29.49,312,29.49
2018/12/12,31.99,31.99,28.81,29.98,396,29.98
2018/12/11,31.99,31.99,27.14,31.20,7,31.20
2018/12/10,27.61,31.53,27.61,29.80,361,29.80
2018/12/7,28.56,31.00,28.56,30.67,233,30.67
2018/12/6,32.42,32.42,32.42,32.42,6650,32.42
2018/12/5,30.99,30.99,27.05,30.83,7,30.83
2018/12/4,29.98,29.98,29.84,29.89,3,29.89
2018/12/3,29.98,29.98,27.87,29.44,7,29.44
2018/11/30,27.10,29.98,27.10,29.58,4903,29.58
2018/11/29,29.11,30.46,28.65,29.90,1018,29.90
2018/11/28,31.78,31.78,31.71,31.71,4101,31.71
2018/11/27,27.21,30.48,27.21,29.77,4322,29.77
2018/11/26,29.01,30.19,29.01,30.17,379,30.17
2018/11/23,29.44,32.69,29.44,31.88,3447,31.88
2018/11/22,32.71,32.71,32.71,32.71,1,32.71
2018/11/21,29.88,29.88,29.00,29.75,10028,29.75
2018/11/20,29.35,29.38,28.20,28.20,16,28.20
2018/11/19,29.42,29.42,28.03,29.25,282,29.25
2018/11/16,26.51,29.45,26.51,29.21,4723,29.21
2018/11/15,26.73,30.89,26.73,29.39,253,29.39
2018/11/14,28.97,28.97,27.51,28.93,16851,28.93
2018/11/13,25.63,28.95,25.63,28.69,1115,28.69
2018/11/12,28.99,28.99,27.07,28.25,1510,28.25
2018/11/9,28.80,30.90,27.53,27.79,7083,27.79
2018/11/8,26.50,29.49,25.95,28.11,6157,28.11
2018/11/7,25.85,28.77,25.85,28.74,10429,28.74
2018/11/6,29.00,29.00,26.51,28.70,50151,28.70
2018/11/5,26.93,29.90,26.93,28.58,67884,28.58
2018/11/2,27.03,29.91,27.03,29.90,180,29.90
2018/11/1,28.90,31.95,28.88,29.97,86825,29.97
2018/10/31,31.00,31.00,28.32,30.92,254,30.92
2018/10/30,31.77,31.77,28.28,30.54,1036,30.54
2018/10/29,33.77,33.77,28.88,28.88,458,28.88
2018/10/26,33.38,33.38,29.33,32.09,25,32.09
2018/10/25,31.45,31.45,31.45,31.45,13085,31.45
2018/10/24,29.35,30.18,27.51,30.01,4828,30.01
2018/10/23,27.01,29.35,27.01,29.35,1363,29.35
2018/10/22,29.39,29.40,26.86,29.34,1855,29.34
2018/10/19,28.90,29.50,27.84,29.41,18589,29.41
2018/10/18,28.95,28.95,27.60,28.88,19876,28.88
2018/10/17,30.00,30.00,27.51,28.92,8700,28.92
2018/10/16,28.45,29.75,28.06,28.54,1803,28.54
2018/10/15,32.98,32.98,26.98,28.32,69862,28.32
2018/10/12,29.98,29.98,29.98,29.98,1,29.98
2018/10/11,28.29,28.29,27.51,28.29,815,28.29
2018/10/10,31.00,31.00,26.15,28.58,14058,28.58
2018/10/9,31.12,31.12,28.00,28.30,8877,28.30
2018/10/8,28.50,28.50,27.01,28.30,2606,28.30
2018/9/28,25.35,28.20,25.35,28.20,23492,28.20
2018/9/27,31.17,31.17,27.04,28.04,11452,28.04
2018/9/26,25.23,28.79,25.23,28.34,12690,28.34
2018/9/25,27.49,28.00,26.91,28.00,1818,28.00
2018/9/21,31.33,31.33,27.16,27.30,6,27.30
2018/9/20,28.88,28.88,27.00,28.48,2560,28.48
2018/9/19,28.00,28.00,26.50,27.48,53,27.48
2018/9/18,29.00,29.00,26.06,28.90,2813,28.90
2018/9/17,31.00,31.00,26.80,28.88,4317,28.88
2018/9/14,28.90,29.80,27.58,29.75,12589,29.75
2018/9/13,25.35,27.70,24.73,27.43,26155,27.43
2018/9/12,25.11,27.98,25.11,27.08,4124,27.08
2018/9/11,27.30,28.88,24.62,27.73,13183,27.73
2018/9/10,24.48,27.40,24.48,27.17,35043,27.17
2018/9/7,27.99,27.99,26.36,27.20,60948,27.20
2018/9/6,27.49,27.72,25.02,27.48,28847,27.48
2018/9/5,27.78,27.78,26.60,27.35,10122,27.35
2018/9/4,28.00,28.00,26.50,27.30,105186,27.30
2018/9/3,26.60,28.30,26.50,27.39,302273,27.39
2018/8/31,27.00,27.80,26.26,27.78,92183,27.78
2018/8/30,28.50,29.12,26.02,26.85,166834,26.85
2018/8/29,27.20,27.47,26.01,27.18,197159,27.18
2018/8/28,27.01,28.13,24.65,26.70,333539,26.70
2018/8/27,28.38,28.38,27.27,27.31,263191,27.31
2018/8/24,26.88,28.99,27.18,27.58,4250340,27.58
2018/8/23,26.50,28.98,26.50,27.55,105932,27.55
2018/8/22,29.10,29.10,27.29,27.66,73819,27.66
2018/8/21,26.50,28.03,26.50,27.35,82925,27.35
2018/8/20,28.33,29.05,28.33,28.64,53416,28.64
2018/8/17,28.60,29.35,28.60,29.35,92465,29.35
2018/8/16,28.50,29.80,29.13,29.31,99677,29.31
2018/8/15,28.00,29.76,26.92,29.30,109782,29.30
2018/8/14,28.82,29.50,28.00,29.30,123568,29.30
2018/8/13,29.00,29.95,28.10,28.82,189658,28.82
2018/8/10,29.30,29.88,29.29,29.70,224738,29.70
2018/8/9,27.00,30.97,25.50,29.00,87,29.00
2018/8/8,26.10,28.43,26.10,28.15,168079,28.15
2018/8/7,25.65,27.55,25.65,27.50,414692,27.50
2018/8/6,26.50,26.50,24.45,25.65,114037,25.65
2018/8/3,26.00,26.00,24.60,25.03,102222,25.03
2018/8/2,26.20,26.50,24.61,25.09,81505,25.09
2018/8/1,23.37,26.80,22.60,25.38,108565,25.38
2018/7/31,26.00,26.00,24.01,24.56,55236,24.56
2018/7/30,23.00,24.40,22.52,24.40,115827,24.40
2018/7/27,21.80,24.45,20.85,23.00,178546,23.00
2018/7/26,20.03,24.00,20.03,22.93,66471,22.93
2018/7/25,21.00,22.87,20.90,21.85,259554,21.85
2018/7/24,22.42,22.42,20.15,20.79,70194,20.79
2018/7/23,20.89,20.89,19.01,20.46,69686,20.46
2018/7/20,20.98,20.98,19.50,20.06,36078,20.06
2018/7/19,18.22,20.60,18.22,20.13,26660,20.13
2018/7/16,19.00,20.99,19.00,19.32,1020,19.32
2018/7/13,20.33,20.60,18.70,20.22,46668,20.22
2018/7/12,18.22,19.48,18.22,19.24,25510,19.24
2018/7/11,17.79,19.20,17.79,19.19,42677,19.19
2018/7/10,17.52,18.97,17.52,18.74,49263,18.74
2018/7/9,17.85,18.48,17.50,18.15,58675,18.15
2018/7/6,18.99,17.09,19.09,17.68,29901,17.68
2018/7/5,16.83,17.50,16.00,17.45,120051,17.45
2018/7/4,16.66,17.49,15.80,16.83,34036,16.83
2018/7/3,17.00,18.00,16.50,17.29,133098,17.29
2018/7/2,18.20,18.20,16.60,17.05,20515,17.05
2018/6/29,16.50,17.00,16.50,17.00,91938,17.00
2018/6/28,17.80,17.80,16.70,16.85,40075,16.85
2018/6/27,16.85,16.85,16.51,16.85,80481,16.85
2018/6/26,16.00,17.09,16.00,16.85,36427,16.85
2018/6/25,16.79,16.80,16.58,16.80,148593,16.80
2018/6/22,17.00,17.00,16.50,16.71,133201,16.71
2018/6/21,16.79,16.80,16.35,16.74,10779,16.74
2018/6/20,17.00,17.00,16.40,16.70,10432,16.70
2018/6/19,16.88,17.10,15.60,16.80,33279,16.80
2018/6/15,16.99,17.20,16.30,16.70,153091,16.70
2018/6/14,16.75,16.75,16.27,16.50,9424,16.50
2018/6/13,16.86,16.86,15.78,16.48,59065,16.48
2018/6/12,16.57,17.00,15.01,16.50,133246,16.50
2018/6/11,17.50,17.50,16.20,16.57,23382,16.57
2018/6/8,18.20,18.20,15.11,16.76,18285,16.76
2018/6/7,17.00,17.00,15.40,16.61,14351,16.61
2018/6/6,18.57,18.57,16.00,16.57,13154,16.57
2018/6/5,17.29,17.29,16.49,16.88,20364,16.88
2018/6/4,17.00,17.00,16.55,16.94,756,16.94
2018/6/1,16.97,16.97,15.35,16.75,202011,16.75
2018/5/31,16.65,17.00,16.65,17.00,13576,17.00
2018/5/30,16.02,17.39,16.02,17.39,34268,17.39
2018/5/29,16.66,17.10,16.50,16.97,223965,16.97
2018/5/28,16.90,17.90,15.88,16.82,32452,16.82
2018/5/25,16.79,17.69,15.52,16.10,29444,16.10
2018/5/24,15.88,16.30,15.55,16.10,33432,16.10
2018/5/23,15.60,15.60,15.48,15.55,36262,15.55
2018/5/22,17.00,17.00,15.35,15.49,10727,15.49
2018/5/21,16.50,16.50,15.45,15.50,8428,15.50
2018/5/18,16.50,16.50,15.44,15.47,17366,15.47
2018/5/17,15.60,15.65,15.45,15.59,15610,15.59
2018/5/16,15.35,15.59,15.35,15.35,23144,15.35
2018/5/15,16.00,16.00,15.10,15.56,22003,15.56
2018/5/14,15.68,15.68,15.40,15.56,10805,15.56
2018/5/11,15.70,15.70,15.38,15.64,10864,15.64
2018/5/10,16.30,16.30,15.32,15.58,6011,15.58
2018/5/9,15.80,15.80,15.30,15.55,14111,15.55
2018/5/8,15.30,15.60,15.30,15.60,10038,15.60
2018/5/7,16.19,16.19,15.20,15.65,9590,15.65
2018/5/4,16.37,17.40,15.31,15.80,1204,15.80
2018/5/3,15.00,16.49,15.00,15.96,49232,15.96
2018/5/2,17.00,17.00,15.35,16.00,6011,16.00
2018/4/27,16.99,16.99,15.21,15.53,26038,15.53
2018/4/26,15.00,16.00,15.00,15.66,13347,15.66
2018/4/25,16.30,16.30,15.30,15.57,2583,15.57
2018/4/24,16.30,16.30,15.15,15.58,3017,15.58
2018/4/23,15.97,15.97,15.00,15.54,103011,15.54
2018/4/20,16.00,16.00,15.25,15.49,5789,15.49
2018/4/19,16.95,16.95,15.25,15.99,12305,15.99
2018/4/18,15.45,15.47,15.10,15.47,3936,15.47
2018/4/17,15.75,15.75,15.20,15.45,7435,15.45
2018/4/16,17.29,17.29,14.65,14.72,8,14.72
2018/4/13,16.49,16.49,15.03,15.74,4016,15.74
2018/4/12,14.60,16.49,14.60,15.50,99236,15.50
2018/4/11,15.50,17.25,15.00,15.07,26,15.07
2018/4/10,15.50,15.75,15.30,15.70,3630,15.70
2018/4/9,14.10,15.85,14.10,15.76,31297,15.76
2018/4/4,14.90,15.98,14.90,15.60,12955,15.60
2018/4/3,14.90,15.98,14.90,15.60,2229,15.60
2018/4/2,13.60,15.95,13.60,15.25,1631,15.25
2018/3/30,13.61,15.58,13.60,14.89,4004,14.89
2018/3/29,14.40,15.43,14.40,15.11,35,15.11
2018/3/28,14.70,15.18,14.50,15.17,64258,15.17
2018/3/27,14.80,15.26,14.60,14.94,1504,14.94
2018/3/26,15.75,15.75,14.50,15.24,743,15.24
2018/3/23,14.30,16.70,14.30,14.95,4738,14.95
2018/3/22,15.55,15.55,15.50,15.51,4,15.51
2018/3/21,15.49,15.49,14.99,15.19,2376,15.19
2018/3/20,14.80,14.80,14.30,14.78,2226,14.78
2018/3/19,14.88,14.97,14.70,14.86,1535,14.86
2018/3/16,14.99,14.99,14.50,14.98,416,14.98
2018/3/15,14.98,14.98,14.98,14.98,0,14.98
2018/3/14,15.48,15.48,14.40,14.98,152,14.98
2018/3/13,14.98,14.98,14.79,14.80,12542,14.80
2018/3/12,16.30,16.30,14.21,14.95,818,14.95
2018/3/9,15.88,15.88,14.10,15.46,219481,15.46
2018/3/8,14.85,14.85,14.40,14.84,662,14.84
2018/3/7,14.99,14.99,14.35,14.86,1810,14.86
2018/3/6,16.45,16.45,14.21,15.09,4,15.09
2018/3/5,16.18,16.18,14.97,14.98,1414,14.98
2018/3/2,14.40,15.27,14.10,14.99,518,14.99
2018/3/1,15.22,15.22,14.01,14.07,34,14.07
2018/2/28,15.94,15.94,14.25,14.99,11,14.99
2018/2/27,15.43,15.43,14.21,14.84,2126,14.84
2018/2/26,15.16,15.16,14.12,14.30,204,14.30
2018/2/23,15.88,15.88,14.72,14.72,159,14.72
2018/2/22,16.00,16.70,16.00,16.35,2,16.35
2018/2/5,16.43,16.43,14.64,14.64,12,14.64
2018/2/2,15.28,15.28,14.70,14.97,30114,14.97
2018/2/1,15.86,15.86,14.69,14.85,54563,14.85
2018/1/31,14.10,15.20,14.10,15.14,73998,15.14
2018/1/30,15.96,15.96,14.50,15.44,710,15.44
2018/1/29,15.00,15.00,14.70,14.93,22937,14.93
2018/1/26,14.98,14.99,14.53,14.57,11683,14.57
2018/1/25,16.48,16.48,14.01,14.99,800,14.99
2018/1/24,15.04,15.04,15.04,14.99,31,14.99
2018/1/23,16.55,16.55,15.07,16.55,3356,16.55
2018/1/22,14.50,15.90,14.50,15.14,1090,15.14
2018/1/19,13.60,16.16,13.60,14.95,4109,14.95
2018/1/18,15.35,15.35,14.75,14.75,4514,14.75
2018/1/17,15.35,15.35,14.71,14.76,3182,14.76
2018/1/16,15.98,15.98,14.96,15.34,1549,15.34
2018/1/15,15.99,15.99,14.60,15.33,153,15.33
2018/1/12,15.33,15.33,15.33,15.33,153,15.33
2018/1/11,15.91,15.91,14.76,15.30,713,15.30
2018/1/10,14.51,15.69,14.51,15.42,1009,15.42
2018/1/9,15.88,15.88,14.82,15.29,68,15.29
2018/1/8,13.24,15.59,13.24,15.01,63244,15.01
2018/1/5,13.60,15.39,13.60,14.70,8144,14.70
2018/1/4,13.81,15.39,13.81,15.02,1090,15.02
2018/1/3,15.40,15.40,15.11,15.29,2905,15.29
2018/1/2,15.58,15.58,15.20,15.23,631,15.23
2017/12/29,15.96,15.96,15.30,15.68,11760,15.68
2017/12/28,14.14,15.17,14.14,15.52,13551,15.52
2017/12/27,16.04,16.04,15.48,15.63,18009,15.63
2017/12/26,15.69,15.74,15.50,15.62,15183,15.62
2017/12/25,15.75,15.75,15.28,15.60,7203,15.60
2017/12/22,16.60,16.60,15.31,15.45,21862,15.45
2017/12/21,15.95,15.95,15.25,15.38,10797,15.38
2017/12/20,16.08,16.08,15.30,15.32,21772,15.32
2017/12/19,15.43,15.50,15.10,15.19,35839,15.19
2017/12/18,14.51,15.47,14.51,15.05,5756,15.05
2017/12/15,15.88,15.88,15.10,15.19,12026,15.19
2017/12/14,15.48,15.48,15.10,15.21,19470,15.21
2017/12/13,15.46,15.47,15.16,15.24,36179,15.24
2017/12/12,15.58,15.58,15.10,15.49,37316,15.49
2017/12/11,15.16,15.98,15.16,15.33,4644,15.33
2017/12/8,15.69,15.69,15.69,15.16,9826,15.16
2017/12/7,15.45,15.45,15.15,15.19,6557,15.19
2017/12/6,15.10,15.49,15.10,15.17,3998,15.17
2017/12/5,15.79,15.79,15.03,15.26,15068,15.26
2017/12/4,15.68,15.68,14.91,15.33,8792,15.33
2017/12/1,14.80,15.43,14.80,14.88,33299,14.88
2017/11/30,14.80,15.43,14.80,14.88,6565,14.88
2017/11/29,15.76,15.76,14.85,14.98,7934,14.98
2017/11/28,14.95,15.20,14.91,15.14,8198,15.14
2017/11/27,15.68,15.68,14.90,14.93,14086,14.93
2017/11/24,15.64,15.64,15.02,15.27,8045,15.27
2017/11/23,13.61,16.18,13.61,15.36,1832,15.36
2017/11/22,15.95,15.95,14.90,15.10,27944,15.10
2017/11/21,16.20,16.20,15.68,15.70,6188,15.70
2017/11/20,16.50,16.50,15.88,15.95,9991,15.95
2017/11/17,16.60,16.60,15.81,16.02,12769,16.02
2017/11/16,15.90,16.37,15.67,16.01,240247,16.01
2017/11/15,15.80,16.46,15.80,15.99,15995,15.99
2017/11/14,16.55,16.55,15.85,16.20,53446,16.20
2017/11/13,17.48,17.48,15.90,16.19,54574,16.19
2017/11/10,16.28,16.28,14.90,15.94,22051,15.94
2017/11/9,15.69,15.69,14.73,15.05,45785,15.05
2017/11/8,16.24,16.24,14.55,14.72,59966,14.72
2017/11/7,14.25,15.39,14.25,14.70,127164,14.70
2017/11/6,14.46,14.46,14.27,14.39,17478,14.39
2017/11/3,15.58,15.58,14.04,14.25,9537,14.25
2017/11/2,13.90,14.96,13.90,14.27,49190,14.27
2017/11/1,15.13,15.13,14.01,14.02,10796,14.02
2017/10/31,14.78,14.78,13.90,13.96,5141,13.96
2017/10/30,13.84,14.44,13.50,13.76,35157,13.76
2017/10/27,14.88,14.88,13.84,13.84,3011,13.84
2017/10/26,14.59,14.59,13.36,13.62,35072,13.62
2017/10/25,14.59,14.59,13.75,13.82,7603,13.82
2017/10/24,13.71,14.13,13.68,13.69,6481,13.69
2017/10/23,13.56,14.49,13.56,13.69,28,13.69
2017/10/20,14.92,14.92,13.71,13.73,8,13.73
2017/10/19,14.99,14.99,13.13,14.35,1071,14.35
2017/10/18,15.29,15.29,13.94,13.94,106,13.94
2017/10/17,13.94,15.00,13.94,14.30,517,14.30
2017/10/16,15.79,15.79,13.93,13.93,88,13.93
2017/10/13,14.77,14.77,13.90,14.61,1143,14.61
2017/10/12,13.40,14.39,13.40,13.71,65192,13.71
2017/10/11,12.18,13.40,12.00,13.40,11900,13.40
2017/10/10,12.18,14.39,12.18,12.18,18002,12.18
2017/10/9,15.18,15.18,13.48,13.51,31,13.51
2017/9/29,13.87,13.88,13.80,13.81,405,13.81
2017/9/28,12.00,14.37,12.00,13.50,111372,13.50
2017/9/18,13.33,13.33,13.10,13.10,123,13.10
2017/9/15,13.28,13.50,13.02,13.08,77278,13.08
2017/9/14,14.49,14.49,12.90,13.10,64280,13.10
2017/9/13,12.89,13.20,12.89,13.20,102978,13.20
2017/9/12,13.18,13.30,12.96,13.01,81533,13.01
2017/9/11,13.83,13.83,12.72,13.17,84083,13.17
2017/9/8,14.16,14.16,12.81,12.88,101042,12.88
2017/9/7,12.65,13.32,12.65,12.87,94952,12.87
2017/9/6,12.95,13.08,12.82,12.94,411,12.94
2017/9/5,13.20,13.20,12.51,12.93,116207,12.93
2017/9/4,11.68,14.27,11.68,12.76,703,12.76
2017/9/1,12.40,13.30,12.30,12.97,5938,12.97
2017/8/31,13.78,13.78,12.75,12.76,522,12.76
2017/8/30,13.89,13.89,12.60,12.74,3058,12.74
2017/8/29,12.40,12.89,12.40,12.63,14,12.63
2017/8/3,11.50,12.34,12.00,11.26,79044,11.26
2017/8/2,12.30,13.20,11.50,11.56,201233,11.56
2017/8/1,12.50,13.18,12.00,12.28,123534,12.28
2017/7/31,13.89,13.89,12.75,13.01,496697,13.01
2017/7/28,12.85,13.31,12.35,13.11,305339,13.11
2017/7/27,13.40,13.44,13.28,13.31,416911,13.31
2017/7/26,13.00,13.75,13.00,13.32,409146,13.32
2017/7/25,12.55,13.40,12.55,13.22,196458,13.22
2017/7/24,13.30,13.80,13.01,13.48,682202,13.48
2017/7/21,13.70,13.70,12.68,13.45,367159,13.45
2017/7/20,12.62,13.33,12.41,12.88,66329,12.88
2017/7/19,13.85,13.85,12.99,13.19,421219,13.19
2017/7/18,13.51,13.95,13.30,13.65,150363,13.65
2017/7/17,13.95,13.97,13.45,13.88,179504,13.88
2017/7/14,13.21,13.99,13.21,13.90,181046,13.90
2017/7/13,13.95,13.96,13.85,13.91,586336,13.91
2017/7/12,13.10,13.97,13.02,13.80,352829,13.80
2017/7/11,13.50,14.00,13.50,14.00,173732,14.00
2017/7/10,13.11,14.54,13.11,13.92,57841,13.92
2017/7/7,14.20,14.20,13.96,14.00,100122,14.00
2017/7/6,13.61,14.38,13.60,14.00,150845,14.00
2017/7/5,14.10,14.34,13.65,13.95,338520,13.95
2017/7/4,13.67,14.50,13.67,14.07,119026,14.07
2017/7/3,13.50,13.78,13.41,13.67,109463,13.67
2017/6/30,13.50,13.70,13.50,13.58,136324,13.58
2017/6/29,13.80,13.80,13.25,13.44,160743,13.44
2017/6/28,13.99,13.99,13.32,13.68,173219,13.68
2017/6/27,12.51,14.19,12.51,13.99,141632,13.99
2017/6/26,14.40,14.50,13.90,13.90,171768,13.90
2017/6/23,14.99,14.99,14.30,14.36,229987,14.36
2017/6/22,14.25,16.21,14.00,14.71,243525,14.71
2017/6/21,15.19,15.55,15.01,15.33,159492,15.33
2017/6/20,14.08,15.60,14.08,15.40,150205,15.40
2017/6/19,16.39,16.39,15.41,15.60,143297,15.60
2017/6/16,14.10,15.98,14.10,15.65,214841,15.65
2017/6/15,15.65,15.88,15.55,15.64,114848,15.64
2017/6/14,16.50,16.50,14.00,15.65,94537,15.65
2017/6/13,15.50,16.76,15.42,15.46,314065,15.46
2017/6/12,16.47,16.47,15.50,15.94,116820,15.94
2017/6/9,15.50,15.95,15.50,15.85,28862,15.85
2017/6/8,15.56,16.40,15.46,15.81,24044,15.81
2017/6/7,16.98,16.98,15.60,15.78,62942,15.78
2017/6/6,16.00,16.15,15.50,16.09,111616,16.09
2017/6/5,16.74,16.74,16.11,16.11,54149,16.11
2017/6/2,16.46,16.50,16.20,16.28,16249,16.28
2017/6/1,16.75,17.00,16.51,16.63,58834,16.63
2017/5/31,16.50,16.73,16.50,16.71,39886,16.71
2017/5/26,16.90,16.90,16.48,16.70,108470,16.70
2017/5/25,16.50,17.08,15.81,16.92,113465,16.92
2017/5/24,17.15,17.15,16.67,16.84,32157,16.84
2017/5/23,15.71,17.00,15.71,16.91,92381,16.91
2017/5/22,17.30,17.79,16.50,16.91,105241,16.91
2017/5/19,16.00,16.90,16.46,16.85,25829,16.85
2017/5/18,16.11,16.55,16.11,16.48,250302,16.48
2017/5/17,16.45,16.46,16.32,16.40,232229,16.40
2017/5/16,15.50,16.40,15.50,16.37,92796,16.37
2017/5/15,16.40,16.41,16.32,16.33,47984,16.33
2017/5/12,16.39,16.50,16.30,16.34,112257,16.34
2017/5/11,16.70,16.70,16.20,16.23,49102,16.23
2017/5/10,16.89,16.89,16.19,16.48,65950,16.48
2017/5/9,16.77,16.77,16.34,16.50,38130,16.50
2017/5/8,16.88,16.88,16.20,16.29,50599,16.29
2017/5/5,16.47,16.47,16.00,16.20,128196,16.20
2017/5/4,15.80,16.70,14.50,16.21,208920,16.21
2017/5/3,15.50,17.18,14.51,15.84,30036,15.84
2017/5/2,17.29,17.29,16.10,16.12,9194,16.12
2017/4/28,15.50,17.99,15.55,16.29,35544,16.29
2017/4/27,15.51,17.00,15.15,16.54,81352,16.54
2017/4/26,15.10,17.80,15.10,16.96,13447,16.96
2017/4/25,16.90,16.94,16.09,16.77,45572,16.77
2017/4/24,17.33,17.33,15.61,16.08,126544,16.08
2017/4/21,15.04,16.08,15.04,15.90,126544,15.90
2017/4/21,1.58,1.58,1.58,1.58,231,1.58
2017/4/20,15.36,15.60,15.36,15.54,21260,15.54
2017/4/19,15.48,15.87,15.48,15.52,67552,15.52
2017/4/18,15.66,15.66,14.60,15.34,116520,15.34
2017/4/17,15.95,15.95,14.50,15.25,51771,15.25
2017/4/14,15.00,15.00,13.50,14.59,50182,14.59
2017/4/13,15.20,15.20,14.51,14.81,118153,14.81
2017/4/12,15.70,15.70,14.60,15.30,93268,15.30
2017/4/11,16.00,16.19,15.51,15.89,34554,15.89
2017/4/10,16.20,16.48,16.00,16.00,11418,16.00
2017/4/7,17.00,17.00,16.01,16.03,38449,16.03
2017/4/6,15.50,16.55,15.55,16.55,11126,16.55
2017/4/5,17.90,17.90,16.50,16.55,9382,16.55
2017/3/31,18.30,18.30,16.12,16.60,20240,16.60
2017/3/30,16.54,17.03,15.30,16.95,36161,16.95
2017/3/29,16.50,16.96,16.20,16.54,12504,16.54
2017/3/28,15.80,17.05,15.30,16.93,22153,16.93
2017/3/27,15.50,17.04,15.60,16.99,13538,16.99
2017/3/24,15.80,18.05,15.21,16.70,24991,16.70
2017/3/23,18.49,18.49,16.76,16.86,39879,16.86
2017/3/22,17.31,17.48,17.00,17.00,27856,17.00
2017/3/21,18.90,18.90,17.00,17.31,11920,17.31
2017/3/20,19.00,19.03,16.90,17.35,13501,17.35
2017/3/17,19.68,19.68,17.30,17.30,10854,17.30
2017/3/16,18.66,18.66,16.95,18.00,3816,18.00
2017/3/16,18.66,18.66,16.95,18.00,3816,18.00
2017/3/15,19.00,19.00,17.00,17.32,5071,17.32
2017/3/14,16.00,17.56,16.00,17.29,1027,17.29
2017/3/13,17.67,17.67,16.80,17.26,12305,17.26
2017/3/10,16.61,18.28,16.60,17.34,852,17.34
2017/3/9,18.98,18.98,16.61,18.00,3317,18.00
2017/3/8,19.49,19.49,19.49,17.40,898,17.40
2017/3/7,18.48,18.48,17.70,17.72,51,17.72
2017/3/6,17.99,17.99,16.00,16.80,4401,16.80
2017/3/3,18.39,18.39,16.90,17.21,2159,17.21
2017/3/2,17.68,17.68,16.80,17.48,834,17.48
2017/3/1,16.60,17.48,16.60,17.48,146,17.48
2017/2/28,18.18,18.18,16.70,17.44,1188,17.44
2017/2/27,17.61,17.65,17.60,17.65,35,17.65
2017/2/24,17.68,17.68,17.68,17.68,605,17.68
2017/2/23,18.78,18.78,17.78,17.63,1935,17.63
2017/2/22,18.15,18.15,17.28,19.97,1098,19.97
2017/2/21,17.45,17.88,17.45,17.83,485,17.83
2017/2/20,17.70,17.90,17.45,17.89,1071,17.89
2017/2/17,19.29,19.29,17.50,17.52,1507,17.52
2017/2/16,17.50,17.61,17.50,17.58,652,17.58
2017/2/15,17.80,18.20,17.72,17.63,348,17.63
2017/2/14,17.29,19.00,17.29,17.44,650,17.44
2017/2/13,17.40,18.10,17.00,17.29,575,17.29
2017/2/10,19.97,19.97,17.30,17.95,388,17.95
2017/2/9,18.40,18.40,17.90,18.15,1002,18.15
2017/2/8,18.00,18.05,17.89,17.90,342,17.90
2017/2/7,18.40,18.40,17.98,18.03,1026,18.03
2017/2/6,18.00,18.52,17.80,18.33,1708,18.33
2017/2/3,17.51,18.00,17.51,18.00,10,18.00
2017/1/26,17.50,18.95,17.50,18.95,16,18.95
2017/1/25,18.68,18.68,18.68,18.68,5,18.68
2017/1/24,19.34,19.34,17.51,17.63,54,17.63
2017/1/23,18.50,18.50,18.50,18.50,7,18.50
2017/1/20,19.88,19.88,17.90,18.29,13607,18.29
2017/1/19,19.20,19.20,17.95,18.29,3377,18.29
2017/1/18,16.72,20.35,16.72,18.49,20689,18.49
2017/1/17,20.10,20.35,18.20,18.50,15353,18.50
2017/1/16,20.57,20.57,16.92,18.50,21092,18.50
2017/1/13,19.49,19.49,18.32,18.70,19656,18.70
2017/1/12,19.26,19.26,18.31,18.87,18368,18.87
2017/1/11,19.29,19.29,18.06,18.79,18634,18.79
2017/1/10,17.20,19.00,17.20,18.94,15105,18.94
2017/1/9,18.02,19.39,18.02,18.52,11003,18.52
2017/1/6,18.32,18.91,18.32,18.91,3193,18.91
2017/1/5,19.41,19.41,18.50,18.60,7767,18.60
2017/1/4,19.50,19.50,18.55,19.41,3370,19.41
2017/1/3,21.80,21.80,18.05,19.44,983,19.44
2016/12/30,20.00,20.00,18.55,19.84,8796,19.84
2016/12/29,18.40,19.50,18.35,19.06,1916,19.06
2016/12/28,21.34,21.34,18.00,19.68,1985,19.68
2016/12/27,19.10,19.68,19.02,19.40,1156,19.40
2016/12/26,21.08,21.08,17.47,18.75,671,18.75
2016/12/23,19.61,19.61,19.61,19.61,0,19.61
2016/12/22,19.61,19.61,19.61,19.61,0,19.61
2016/12/21,19.61,19.61,19.61,19.61,0,19.61
2016/12/20,19.61,19.61,19.61,19.61,0,19.61
2016/12/19,19.61,19.61,19.61,19.61,0,19.61
2016/12/16,19.61,19.61,19.61,19.61,0,19.61
2016/12/15,19.61,19.61,19.61,19.61,0,19.61
2016/12/14,19.41,19.41,19.41,19.41,1327,19.41
2016/12/13,19.61,19.61,19.61,19.61,6384,19.61
2016/12/12,20.05,20.28,18.26,19.81,14951,19.81
2016/12/9,18.44,18.44,18.44,18.44,1703,18.44
2016/12/8,19.16,19.16,18.63,18.63,2982,18.63
2016/12/7,18.82,18.82,18.82,18.82,34021,18.82
2016/12/6,19.60,19.60,19.01,19.20,4974,19.20
2016/12/5,20.11,20.32,18.36,19.20,12425,19.20
2016/12/2,19.20,19.20,17.82,18.55,13610,18.55
2016/12/1,18.30,18.30,17.70,18.00,384,18.00
2016/11/30,17.78,17.97,17.78,17.88,5513,17.88
2016/11/29,18.05,18.17,17.53,17.96,4613,17.96
2016/11/28,17.09,18.10,16.38,17.69,17146,17.69
2016/11/25,17.05,17.05,16.38,16.55,10008,16.55
2016/11/24,17.97,17.97,16.55,16.55,4137,16.55
2016/11/23,18.00,18.00,16.71,16.72,14531,16.72
2016/11/22,18.17,18.17,16.88,16.88,1402,16.88
2016/11/21,18.40,18.40,16.80,17.05,12254,17.05
2016/11/18,16.97,16.97,16.97,16.97,3449,16.97
2016/11/17,16.59,17.14,16.59,17.14,1272,17.14
2016/11/16,17.50,17.50,16.76,16.76,11524,16.76
2016/11/15,16.34,16.97,16.33,16.93,12041,16.93
2016/11/14,17.65,17.65,16.17,16.49,16,16.49
2016/11/11,16.17,16.17,16.17,16.17,2561,16.17
2016/11/10,16.33,16.33,16.33,16.33,4063,16.33
2016/11/9,17.25,17.25,15.52,16.49,1562,16.49
2016/11/8,16.15,16.15,15.68,15.68,157,15.68
2016/11/7,15.84,16.00,15.84,15.84,2913,15.84
2016/11/4,16.00,16.00,16.00,16.00,4459,16.00
2016/11/3,16.16,16.16,16.16,16.16,208,16.16
2016/11/2,16.32,16.32,16.32,16.32,617,16.32
2016/11/1,16.48,16.48,16.48,16.48,816,16.48
2016/10/31,16.65,16.65,16.65,16.65,1,16.65
2016/10/28,16.82,16.82,16.82,16.82,20,16.82
2016/10/27,15.39,16.99,15.39,16.99,1168,16.99
2016/10/26,15.55,15.55,15.55,15.55,838,15.55
2016/10/25,16.79,16.79,15.62,15.71,253,15.71
2016/10/24,16.20,16.20,15.78,15.78,1281,15.78
2016/10/21,16.70,16.70,15.94,15.94,454,15.94
2016/10/20,16.50,16.50,16.10,16.10,837,16.10
2016/10/19,16.88,16.88,16.24,16.26,504,16.26
2016/10/18,16.83,16.83,16.30,16.40,115,16.40
2016/10/17,16.35,16.35,16.35,16.35,86,16.35
2016/10/14,16.51,16.51,16.51,16.51,3218,16.51
2016/10/13,16.45,16.68,16.45,16.68,5934,16.68
2016/10/12,16.85,16.85,16.62,16.62,48436,16.62
2016/10/11,16.50,16.80,16.50,16.79,60731,16.79
2016/10/10,16.69,16.69,16.52,16.67,14781,16.67
2016/9/30,16.51,16.69,16.51,16.69,3584,16.69
2016/9/29,17.89,17.89,16.53,16.68,6275,16.68
2016/9/28,16.53,16.75,16.52,16.70,20524,16.70
2016/9/27,16.43,16.75,16.43,16.69,29964,16.69
2016/9/26,16.05,16.62,16.05,16.60,21216,16.60
2016/9/23,15.69,16.30,15.69,16.21,34249,16.21
2016/9/22,16.48,16.48,15.84,15.85,23984,15.85
2016/9/21,16.54,16.54,15.96,16.00,2701,16.00
2016/9/20,15.47,15.99,15.47,15.85,34347,15.85
2016/9/19,16.58,16.58,15.54,15.63,34780,15.63
2016/9/14,15.50,15.73,15.25,15.70,29416,15.70
2016/9/13,15.13,15.50,15.13,15.60,4008,15.60
2016/9/12,15.56,15.70,14.95,15.28,19709,15.28
2016/9/9,15.74,15.74,14.98,15.10,10299,15.10
2016/9/8,15.58,15.58,14.72,14.72,18516,14.72
2016/9/7,15.05,15.34,14.70,14.87,28715,14.87
2016/9/6,14.87,15.36,14.84,14.85,6241,14.85
2016/9/5,15.70,16.10,14.99,14.99,39428,14.99
2016/9/2,15.14,15.14,15.14,15.14,359,15.14
2016/9/1,15.29,16.36,15.29,15.44,41844,15.44
2016/8/31,15.55,15.55,14.96,15.44,82982,15.44
2016/8/30,14.49,15.49,14.49,15.08,37634,15.08
2016/8/29,14.64,15.00,14.64,14.64,6716,14.64
2016/8/26,15.30,15.30,14.79,14.79,17223,14.79
2016/8/25,15.79,16.49,14.94,14.94,69305,14.94
2016/8/24,15.40,15.87,14.84,15.09,37881,15.09
2016/8/23,15.79,15.82,14.66,14.99,58903,14.99
2016/8/22,14.30,14.85,14.43,14.81,18863,14.81
2016/8/19,15.60,15.60,14.30,14.58,11277,14.58
2016/8/18,13.95,14.48,13.95,14.23,42019,14.23
2016/8/17,13.92,14.17,13.92,14.09,47226,14.09
2016/8/16,14.06,14.54,14.06,16.60,36134,16.60
2016/8/15,14.20,14.20,14.20,14.20,20029,14.20
2016/8/12,14.34,14.34,14.34,14.34,26,14.34
2016/8/11,14.80,14.80,14.80,14.80,8,14.80
2016/8/10,14.63,14.63,14.63,14.63,5984,14.63
2016/8/9,14.04,15.49,14.04,14.78,42666,14.78
2016/8/8,13.37,14.38,13.37,14.18,74900,14.18
2016/8/5,13.50,13.50,13.50,13.50,8568,13.50
2016/8/4,13.64,13.64,13.64,13.64,957,13.64
2016/8/3,13.78,13.78,13.78,13.78,13458,13.78
2016/8/2,13.92,13.92,13.92,13.92,274,13.92
2016/8/1,14.06,14.06,14.06,14.06,24207,14.06
2016/7/29,14.20,14.20,14.20,14.20,89281,14.20
2016/7/28,14.87,15.08,13.57,14.34,259760,14.34
2016/7/27,13.71,13.71,13.71,13.71,393974,13.71
2016/7/26,12.46,12.46,12.00,12.46,45831,12.46
2016/7/25,10.28,11.42,10.28,11.33,163590,11.33
2016/7/22,10.38,11.53,10.38,10.38,599947,10.38
2016/7/21,10.48,10.48,10.48,10.48,21626,10.48
2016/7/20,10.59,10.59,10.59,10.59,75063,10.59
2016/7/19,10.07,10.07,10.07,10.07,159254,10.07
2016/7/18,10.81,10.81,10.81,10.81,162085,10.81
2016/7/15,10.92,10.92,10.92,10.92,89381,10.92
2016/7/14,12.13,12.13,12.13,12.13,33379,12.13
2016/7/13,14.80,14.88,13.48,13.48,182297,13.48
2016/7/12,15.20,15.20,14.90,14.98,165685,14.98
2016/7/11,16.88,16.88,15.80,15.98,69602,15.98
2016/7/8,17.40,17.40,16.79,16.84,17900,16.84
2016/7/7,16.50,16.83,16.50,16.82,30501,16.82
2016/7/6,16.95,16.95,16.00,16.73,7462,16.73
2016/7/5,17.30,17.40,16.61,16.73,6199,16.73
2016/7/4,16.60,16.70,16.55,16.60,90148,16.60
2016/7/1,16.70,16.89,16.70,16.81,16153,16.81
2016/6/30,16.65,16.70,16.50,16.70,3124,16.70
2016/6/29,16.70,16.80,16.61,16.61,5684,16.61
2016/6/28,16.51,16.60,16.51,16.60,3495,16.60
2016/6/27,15.05,16.70,15.05,16.67,704,16.67
2016/6/24,16.40,16.65,15.70,16.07,6824,16.07
2016/6/23,16.50,16.65,16.65,16.56,8112,16.56
2016/6/22,16.60,16.60,16.50,16.51,3451,16.51
2016/6/21,16.50,16.60,16.50,16.58,41500,16.58
2016/6/20,16.12,16.50,16.12,16.42,9601,16.42
2016/6/19,16.70,16.70,16.02,16.02,0,16.02
2016/6/18,16.70,16.70,16.02,16.02,0,16.02
2016/6/17,16.70,16.70,16.02,16.02,4001,16.02
2016/6/16,16.50,16.50,15.99,16.07,3058,16.07
2016/6/15,16.00,16.80,16.00,16.49,17971,16.49
2016/6/14,15.70,16.00,15.70,16.00,14569,16.00
2016/6/13,16.50,16.50,15.80,15.83,31500,15.83
2016/6/12,15.78,17.00,15.79,15.79,0,15.79
2016/6/8,15.78,17.00,15.79,15.79,55701,15.79
2016/6/7,15.70,16.50,15.10,16.50,30251,16.50
2016/6/6,15.50,16.66,15.50,16.61,52247,16.61
2016/6/3,16.50,16.50,15.62,16.28,35932,16.28
2016/6/2,15.30,15.74,15.30,15.58,50839,15.58
2016/6/1,15.76,15.76,15.49,15.50,20812,15.50
2016/5/31,14.81,15.60,14.81,15.33,33019,15.33
2016/5/30,15.60,15.60,15.38,15.39,25466,15.39
2016/5/27,16.30,16.30,15.00,15.50,50092,15.50
2016/5/26,16.00,16.00,15.50,15.64,27051,15.64
2016/5/25,15.80,16.13,14.00,15.73,2253,15.73
2016/5/24,16.15,16.15,14.60,14.66,90762,14.66
2016/5/23,15.60,16.50,15.10,15.78,127204,15.78
2016/5/20,16.20,17.10,16.15,16.31,26905,16.31
2016/5/19,17.15,17.15,16.90,16.97,28724,16.97
2016/5/18,16.50,17.26,16.50,17.15,19899,17.15
2016/5/17,17.98,17.98,17.00,17.24,8812,17.24
2016/5/16,16.00,17.89,16.00,17.18,139111,17.18
2016/5/13,17.20,17.48,17.20,17.43,14202,17.43
2016/5/12,17.49,17.49,17.00,17.28,20163,17.28
2016/5/11,17.30,17.35,16.80,17.25,81732,17.25
2016/5/10,17.95,17.99,16.50,17.60,52338,17.60
2016/5/9,16.50,18.20,16.40,18.00,72204,18.00
2016/5/6,16.48,16.80,16.40,16.63,8327,16.63
2016/5/5,14.09,17.21,14.09,16.60,81288,16.60
2016/5/4,15.43,17.00,15.43,15.66,254733,15.66
2016/5/3,18.40,18.40,16.56,17.14,109042,17.14
2016/4/29,16.64,19.50,16.64,18.40,86474,18.40
2016/4/28,16.64,19.50,16.64,18.49,63207,18.49
2016/4/27,18.00,18.99,18.00,18.99,701,18.99
2016/4/26,18.00,20.00,18.00,18.25,96012,18.25
2016/4/25,20.01,20.01,19.00,20.00,22603,20.00
2016/4/22,19.99,20.80,19.99,20.01,17399,20.01
2016/4/21,20.01,20.95,20.00,20.90,32057,20.90
2016/4/20,21.49,21.49,20.90,20.09,200,20.09
2016/4/19,20.01,21.00,20.01,21.00,200,21.00
2016/4/18,21.58,21.58,20.00,20.01,75631,20.01
2016/4/15,21.35,21.39,21.30,21.30,1022,21.30
2016/4/14,21.63,22.30,20.00,21.55,98861,21.55
2016/4/13,21.74,21.75,21.61,21.63,19608,21.63
2016/4/12,21.80,21.80,21.51,21.75,5899,21.75
2016/4/11,21.95,21.95,21.74,21.77,540,21.77
2016/4/8,22.40,22.40,21.61,21.77,10856,21.77
2016/4/7,22.80,22.00,20.80,21.76,36943,21.76
2016/4/6,22.80,23.20,21.60,21.95,55113,21.95
2016/4/5,23.00,23.00,21.60,21.95,2543,21.95
2016/4/1,23.68,23.68,21.93,22.07,55366,22.07
2016/3/31,22.15,22.19,21.50,21.53,25171,21.53
2016/3/30,21.75,22.00,21.70,21.90,55114,21.90
2016/3/29,22.59,22.59,21.71,21.73,21103,21.73
2016/3/28,22.55,22.55,21.67,21.92,50600,21.92
2016/3/25,22.40,22.40,21.80,22.05,21355,22.05
2016/3/24,22.50,22.50,21.70,22.05,49520,22.05
2016/3/23,22.00,21.00,21.90,22.10,40100,22.10
2016/3/22,22.78,22.78,21.90,22.07,147300,22.07
2016/3/21,22.80,22.80,21.80,22.05,78500,22.05
2016/3/18,22.50,22.50,22.00,22.00,30520,22.00
2016/3/17,22.40,22.40,21.50,21.98,1510,21.98
2016/3/16,22.88,22.88,20.05,21.68,237634,21.68
2016/3/15,22.12,22.49,21.38,22.05,17827,22.05
2016/3/14,23.15,23.15,21.60,22.12,49294,22.12
2016/3/11,22.25,22.35,21.50,22.32,28723,22.32
2016/3/10,23.49,23.80,20.06,22.20,59414,22.20
2016/3/9,22.25,23.20,21.60,22.29,46000,22.29
2016/3/8,22.50,22.50,21.59,22.25,16200,22.25
2016/3/7,22.06,22.20,22.06,22.20,7322,22.20
2016/3/4,22.90,22.90,21.60,22.06,8729,22.06
2016/3/3,23.00,23.00,21.90,21.96,176380,21.96
2016/3/2,23.49,23.50,22.60,22.68,171700,22.68
2016/3/1,22.80,23.00,22.70,22.71,113218,22.71
2016/2/29,23.60,23.60,23.40,23.45,200000,23.45
2016/2/26,23.43,23.43,23.30,23.32,202000,23.32
2016/2/25,22.80,23.50,22.80,23.36,198034,23.36
2016/2/24,22.82,22.82,22.82,22.82,182846,22.82
2016/2/23,24.43,24.43,22.75,23.40,181431,23.40
2016/2/22,23.60,23.70,23.60,23.60,219000,23.60
2016/2/19,23.45,23.47,23.45,23.46,210000,23.46
2016/2/18,23.50,23.50,23.38,23.44,211290,23.44
2016/2/17,23.50,23.50,23.10,23.41,201300,23.41
2016/2/16,23.50,23.50,23.50,23.50,3600,23.50
2016/2/15,23.05,23.05,23.00,23.00,5765,23.00
2016/2/5,23.46,23.50,23.46,23.50,13000,23.50
2016/2/4,23.00,23.50,21.00,21.40,608652,21.40
2016/2/3,23.45,23.50,22.60,23.00,15966,23.00
2016/2/2,23.30,23.34,22.30,23.40,31730,23.40
2016/2/1,22.25,22.50,22.25,22.46,11030,22.46
2016/1/29,22.20,22.20,22.20,22.20,2000,22.20
2016/1/28,22.20,22.50,22.20,22.40,5939,22.40
2016/1/27,22.00,22.51,22.00,22.51,810,22.51
2016/1/26,22.31,22.31,22.31,22.31,22900,22.31
2016/1/25,22.50,22.50,22.50,22.50,42248,22.50
2016/1/22,22.80,22.80,22.80,22.80,74600,22.80
2016/1/21,22.64,22.64,22.64,22.64,75400,22.64
2016/1/20,22.81,22.81,22.81,22.81,85200,22.81
2016/1/19,22.80,22.95,22.75,22.81,89600,22.81
2016/1/18,22.00,23.10,22.00,22.82,88688,22.82
2016/1/15,22.70,22.90,22.00,22.80,71086,22.80
2016/1/14,23.00,23.00,22.80,22.80,42050,22.80
2016/1/13,22.00,23.00,22.00,22.90,10070,22.90
2016/1/12,23.00,23.01,22.80,22.89,12318,22.89
2016/1/11,22.50,23.20,22.50,23.70,8605,23.70
2016/1/8,23.00,23.00,23.00,23.00,10018,23.00
2016/1/7,23.70,23.70,23.70,23.70,192941,23.70
2016/1/6,23.08,23.08,23.08,23.08,23837,23.08
2016/1/5,21.00,21.00,21.00,21.00,9488,21.00
2016/1/4,22.60,22.60,22.60,22.60,3619,22.60
2015/12/31,24.40,24.40,24.40,24.40,182700,24.40
2015/12/30,23.08,23.08,23.08,23.08,66698,23.08
2015/12/29,22.24,22.24,22.24,22.24,37734,22.24
2015/12/28,23.07,23.07,23.07,23.07,60419,23.07
2015/12/25,22.86,22.86,22.86,22.86,18835,22.86
2015/12/24,22.81,22.81,22.81,22.81,17655,22.81
2015/12/23,22.79,22.79,22.79,22.79,19659,22.79
2015/12/22,22.60,22.60,22.60,22.60,20964,22.60
2015/12/21,22.41,22.41,22.41,22.41,11605,22.41
2015/12/18,22.60,22.60,22.60,22.60,3619,22.60
2015/12/17,22.55,22.55,22.55,22.55,2389,22.55
2015/12/16,22.81,22.81,22.81,22.81,10,22.81
2015/12/15,23.00,23.00,23.00,23.00,16268,23.00
2015/12/14,22.80,23.00,22.80,22.95,27121,22.95
2015/12/10,23.20,23.20,23.20,23.20,10333,23.20
2015/12/9,22.96,22.96,22.96,22.96,16400,22.96
2015/12/8,22.95,22.95,22.95,22.95,15632,22.95
2015/12/7,22.50,22.50,22.50,22.50,11000,22.50
2015/12/4,22.18,22.18,22.18,22.18,12230,22.18
2015/12/3,23.05,23.05,23.05,23.05,15260,23.05
2015/12/2,23.01,23.01,23.01,23.01,30363,23.01
2015/12/1,23.05,23.05,23.05,23.05,29400,23.05
2015/11/30,23.11,23.11,23.11,23.11,10600,23.11
2015/11/27,23.11,23.11,23.11,23.11,10100,23.11
2015/11/26,23.20,23.20,23.20,23.20,10000,23.20
2015/11/25,23.73,23.73,23.73,23.73,30658,23.73
2015/11/24,23.13,23.13,23.13,23.13,62400,23.13
2015/11/23,23.10,23.10,23.10,23.10,86000,23.10
2015/11/20,23.05,23.05,23.05,23.05,106553,23.05
2015/11/19,23.90,23.90,23.90,23.90,15144,23.90
2015/11/18,23.01,23.01,23.01,23.01,15000,23.01
2015/11/17,23.00,23.10,23.00,23.10,22280,23.10
2015/11/16,23.10,23.15,23.10,23.15,23100,23.15
2015/11/13,23.79,23.79,23.79,23.79,15020,23.79
2015/11/12,22.55,22.55,22.55,22.55,1,22.55
2015/11/11,22.30,22.30,22.30,22.30,1000,22.30
2015/11/10,20.00,22.55,20.00,22.55,101,22.55
2015/11/9,23.13,23.13,23.13,23.13,1102,23.13
2015/11/6,23.16,23.16,23.16,23.16,40029,23.16
2015/11/5,23.25,23.25,23.25,23.25,18764,23.25
2015/11/4,23.10,23.10,23.10,23.10,46481,23.10
2015/11/3,24.18,24.18,24.18,24.18,49242,24.18
2015/11/2,23.10,23.20,23.10,23.20,41174,23.20
2015/10/30,21.21,23.05,21.21,23.05,57700,23.05
2015/10/29,23.15,23.15,23.15,23.15,56637,23.15
2015/10/28,21.00,23.19,21.00,23.19,40879,23.19
2015/10/27,23.15,23.15,23.15,23.15,53165,23.15
2015/10/26,23.10,23.20,23.10,23.20,45700,23.20
2015/10/23,23.20,23.20,23.20,23.20,48765,23.20
2015/10/22,23.57,23.58,23.57,23.58,50165,23.58
2015/10/21,23.15,23.15,23.15,23.15,1256,23.15
2015/10/20,22.90,24.80,22.90,24.80,39480,24.80
2015/10/19,23.11,23.11,23.11,23.11,64516,23.11
2015/10/16,23.18,23.18,23.18,23.18,56700,23.18
2015/10/15,23.13,23.15,23.13,23.15,67030,23.15
2015/10/14,23.25,23.25,23.25,23.25,78959,23.25
2015/10/13,23.30,23.30,23.30,23.30,63213,23.30
2015/10/12,23.40,23.40,23.40,23.40,63835,23.40
2015/10/9,23.00,23.50,23.00,23.50,14503,23.50
2015/10/8,26.50,26.50,26.50,26.50,40695,26.50
2015/9/30,23.20,26.96,23.20,26.96,74953,26.96
2015/9/29,23.20,24.99,23.20,24.99,107668,24.99
2015/9/28,24.45,24.45,24.45,24.45,15108,24.45
2015/9/25,25.00,25.10,25.00,25.10,14394,25.10
2015/9/24,23.20,23.20,23.20,23.20,75325,23.20
2015/9/23,23.35,23.35,23.35,23.35,110642,23.35
2015/9/22,23.80,23.85,23.80,23.85,207308,23.85
2015/9/21,23.00,24.00,23.00,24.00,141893,24.00
2015/9/18,24.40,24.40,24.40,24.40,243070,24.40
2015/9/17,23.00,24.40,23.00,24.40,136417,24.40
2015/9/16,24.50,24.50,24.50,24.50,78233,24.50
2015/9/15,24.00,24.20,24.00,24.20,22000,24.20
2015/9/14,24.80,24.80,24.80,24.80,16717,24.80
2015/9/11,24.50,24.70,24.50,24.70,27549,24.70
2015/9/10,24.00,24.90,24.00,24.90,27766,24.90
2015/9/9,25.00,25.00,25.00,25.00,106,25.00
2015/9/8,24.60,24.60,24.60,24.60,26401,24.60
2015/9/7,24.50,24.60,24.50,24.60,15703,24.60
2015/9/2,24.70,24.70,24.70,24.70,56,24.70
2015/9/1,25.25,25.25,25.25,25.25,16151,25.25
2015/8/31,24.50,24.50,24.50,24.50,26400,24.50
2015/8/28,24.00,24.50,24.00,24.50,26900,24.50
2015/8/27,25.45,25.45,25.45,25.45,1539,25.45
2015/8/26,25.00,25.00,25.00,25.00,23500,25.00
2015/8/25,24.00,25.00,24.00,25.00,23082,25.00
2015/8/24,25.60,25.60,25.60,25.60,17153,25.60
2015/8/21,25.50,25.80,25.50,25.80,9000,25.80
2015/8/20,25.00,25.65,25.00,25.65,33360,25.65
2015/8/19,27.49,27.49,27.49,27.49,15109,27.49
2015/8/18,25.10,25.10,25.10,25.10,2000,25.10
2015/8/17,22.73,26.69,22.73,26.69,32343,26.69
2015/8/14,25.30,25.45,25.30,25.45,26001,25.45
2015/8/13,25.45,25.45,25.45,25.45,9285,25.45
2015/8/12,25.50,25.50,25.50,25.50,13169,25.50
2015/8/11,25.95,26.00,25.95,26.00,0,26.00
2015/8/10,27.00,27.00,27.00,27.00,1600,27.00
2015/8/7,25.50,25.50,25.50,25.50,1598,25.50
2015/8/6,21.20,25.30,21.20,25.30,2974,25.30
2015/8/5,21.39,24.74,21.39,24.74,1783,24.74
2015/8/4,25.00,25.90,25.00,25.90,5002,25.90
2015/8/3,22.05,25.00,22.05,25.00,29000,25.00
2015/7/31,24.00,24.50,24.00,24.50,25180,24.50
2015/7/30,24.00,25.98,24.00,25.98,68171,25.98
2015/7/29,26.93,26.93,26.93,26.93,115311,26.93
2015/7/28,24.49,24.99,24.49,24.99,66622,24.99
2015/7/27,24.50,24.50,24.50,24.50,417,24.50
2015/7/24,27.50,27.50,27.50,27.50,82977,27.50
2015/7/23,24.28,27.60,24.28,27.60,53052,27.60
2015/7/22,27.29,27.29,27.29,27.29,93925,27.29
2015/7/21,27.55,27.55,27.55,27.55,269271,27.55
2015/7/20,27.88,27.89,27.88,27.89,64934,27.89
2015/7/19,27.90,27.90,27.90,27.90,0,27.90
2015/7/18,27.90,27.90,27.90,27.90,0,27.90
2015/7/17,27.90,27.90,27.90,27.90,97050,27.90
2015/7/16,28.03,28.03,28.03,28.03,634664,28.03
2015/7/15,28.40,28.45,28.40,28.45,932782,28.45
2015/7/14,25.60,28.00,25.60,28.00,363353,28.00
2015/7/13,25.30,28.40,25.30,28.40,273377,28.40
2015/7/12,23.05,25.99,23.05,25.99,0,25.99
2015/7/11,23.05,25.99,23.05,25.99,0,25.99
2015/7/10,23.05,25.99,23.05,25.99,1176200,25.99
2015/7/9,25.00,25.28,25.00,25.28,859232,25.28
2015/7/8,24.50,25.20,24.50,25.20,565590,25.20
2015/7/7,22.50,25.43,22.50,25.43,331400,25.43
2015/7/6,22.90,25.00,22.90,25.00,284785,25.00
2015/7/5,24.00,24.50,24.00,24.50,0,24.50
2015/7/4,24.00,24.50,24.00,24.50,0,24.50
2015/7/3,24.00,24.50,24.00,24.50,226904,24.50
2015/7/2,26.50,26.50,26.50,26.50,39556,26.50
2015/7/1,25.78,25.78,25.78,25.78,0,25.78
2015/6/30,25.78,25.78,25.78,25.78,12095,25.78
2015/6/29,25.00,25.09,25.00,25.09,31807,25.09
2015/6/28,25.00,25.19,25.00,25.19,0,25.19
2015/6/27,25.00,25.19,25.00,25.19,0,25.19
2015/6/26,25.00,25.19,25.00,25.19,17039,25.19
2015/6/25,25.20,25.20,25.20,25.20,16000,25.20
2015/6/24,25.20,25.20,25.20,25.20,17500,25.20
2015/6/23,25.20,25.20,25.20,25.20,17000,25.20
2015/6/22,25.35,25.45,25.35,25.45,0,25.45
2015/6/21,25.35,25.45,25.35,25.45,0,25.45
2015/6/20,25.35,25.45,25.35,25.45,0,25.45
2015/6/19,25.35,25.45,25.35,25.45,660,25.45
2015/6/18,25.49,25.49,25.49,25.49,19807,25.49
2015/6/17,25.20,25.20,25.20,25.20,29072,25.20
2015/6/16,25.20,25.40,25.20,25.40,5277,25.40
2015/6/15,22.99,25.30,22.99,25.30,34319,25.30
2015/6/14,25.40,25.40,25.40,25.40,0,25.40
2015/6/13,25.40,25.40,25.40,25.40,0,25.40
2015/6/12,25.40,25.40,25.40,25.40,4831,25.40
2015/6/11,25.50,25.70,25.50,25.70,14227,25.70
2015/6/10,25.80,25.80,25.80,25.80,0,25.80
2015/6/9,25.80,25.80,25.80,25.80,22976,25.80
2015/6/8,25.50,25.80,25.50,25.80,27294,25.80
2015/6/7,26.25,26.25,26.25,26.25,0,26.25
2015/6/6,26.25,26.25,26.25,26.25,0,26.25
2015/6/5,26.25,26.25,26.25,26.25,22894,26.25
2015/6/4,27.50,27.50,27.50,27.50,17307,27.50
2015/6/3,25.50,25.50,25.50,25.50,40144,25.50
2015/6/2,22.77,25.75,22.77,25.75,121856,25.75
2015/6/1,25.30,25.35,25.30,25.35,54694,25.35
2015/5/31,23.80,25.50,23.80,25.50,0,25.50
2015/5/30,23.80,25.50,23.80,25.50,0,25.50
2015/5/29,23.80,25.50,23.80,25.50,64998,25.50
2015/5/28,23.12,25.60,23.12,25.60,101360,25.60
2015/5/27,27.14,27.14,27.14,27.14,37629,27.14
2015/5/26,26.10,26.10,26.10,26.10,32898,26.10
2015/5/25,26.50,26.50,26.50,26.50,12880,26.50
2015/5/24,26.81,26.98,26.81,26.98,0,26.98
2015/5/23,26.81,26.98,26.81,26.98,0,26.98
2015/5/23,26.81,26.98,26.81,26.98,0,26.98
2015/5/22,26.81,26.98,26.81,26.98,75859,26.98
2015/5/21,26.00,26.00,26.00,26.00,5544,26.00
2015/5/20,25.50,25.55,25.50,25.55,7399,25.55
2015/5/19,25.45,26.19,25.45,26.19,7001,26.19
2015/5/18,25.50,26.45,25.50,26.45,1543,26.45
2015/5/17,26.68,26.68,26.68,26.68,0,26.68
2015/5/16,26.68,26.68,26.68,26.68,0,26.68
2015/5/15,26.68,26.68,26.68,26.68,3001,26.68
2015/5/14,25.50,26.88,25.50,26.88,6000,26.88
2015/5/13,27.00,27.20,27.00,27.20,13004,27.20
2015/5/12,24.46,27.20,24.46,27.20,146001,27.20
2015/5/11,27.91,28.48,27.91,28.48,146001,28.48
2015/5/10,27.65,28.00,27.65,28.00,0,28.00
2015/5/9,27.65,28.00,27.65,28.00,0,28.00
2015/5/8,27.65,28.00,27.65,28.00,47727,28.00
2015/5/7,27.40,29.10,27.40,29.10,19183,29.10
2015/5/6,28.69,28.69,28.69,28.69,17355,28.69
2015/5/5,26.35,28.74,26.35,28.74,97413,28.74
2015/5/4,26.34,26.35,26.34,26.35,61262,26.35
2015/5/3,25.50,25.88,25.50,25.88,0,25.88
2015/5/2,25.50,25.88,25.50,25.88,0,25.88
2015/5/1,25.50,25.88,25.50,25.88,0,25.88
2015/4/30,25.50,25.88,25.50,25.88,28738,25.88
2015/4/29,25.80,26.00,25.80,26.00,2700,26.00
2015/4/28,25.17,25.50,25.17,25.50,2497,25.50
2015/4/27,26.35,26.35,26.35,26.35,44180,26.35
2015/4/26,25.48,25.49,25.48,25.49,0,25.49
2015/4/25,25.48,25.49,25.48,25.49,0,25.49
2015/4/24,25.48,25.49,25.48,25.49,47755,25.49
2015/4/23,26.48,26.48,26.48,26.48,15795,26.48
2015/4/22,25.60,25.60,25.60,25.60,17334,25.60
2015/4/21,25.32,25.60,25.32,25.60,29752,25.60
2015/4/20,25.60,25.63,25.60,25.63,30441,25.63
2015/4/19,24.50,25.50,24.50,25.50,0,25.50
2015/4/18,24.50,25.50,24.50,25.50,0,25.50
2015/4/17,24.50,25.50,24.50,25.50,13000,25.50
2015/4/16,24.85,25.60,24.85,25.60,37630,25.60
2015/4/15,25.50,25.65,25.50,25.65,82966,25.65
2015/4/14,25.00,25.65,25.00,25.65,84333,25.65
2015/4/13,24.00,25.55,24.00,25.55,43500,25.55
2015/4/12,25.99,25.99,25.99,25.99,0,25.99
2015/4/11,25.99,25.99,25.99,25.99,0,25.99
2015/4/10,25.99,25.99,25.99,25.99,20112,25.99
2015/4/9,25.50,26.00,25.50,26.00,49579,26.00
2015/4/8,25.49,25.49,25.49,25.49,73811,25.49
2015/4/7,24.50,25.58,24.50,25.58,57100,25.58
2015/4/6,22.98,25.55,22.98,25.55,0,25.55
2015/4/5,22.98,25.55,22.98,25.55,0,25.55
2015/4/4,22.98,25.55,22.98,25.55,0,25.55
2015/4/3,22.98,25.55,22.98,25.55,108795,25.55
2015/4/2,23.08,25.90,23.08,25.90,28257,25.90
2015/4/1,25.64,26.10,25.64,26.10,12984,26.10
2015/3/31,26.20,26.41,26.20,26.41,11043,26.41
2015/3/30,20.98,25.64,20.98,25.64,80509,25.64
2015/3/29,23.31,25.85,23.31,25.85,0,25.85
2015/3/28,23.31,25.85,23.31,25.85,0,25.85
2015/3/27,23.31,25.85,23.31,25.85,25337,25.85
2015/3/26,23.36,26.00,23.36,26.00,65362,26.00
2015/3/25,26.29,26.30,26.29,26.30,70253,26.30
2015/3/24,26.78,26.78,26.78,26.78,11300,26.78
2015/3/23,26.79,26.79,26.79,26.79,32703,26.79
2015/3/22,25.10,26.30,25.10,26.30,0,26.30
2015/3/21,25.10,26.30,25.10,26.30,0,26.30
2015/3/20,25.10,26.30,25.10,26.30,43394,26.30
2015/3/19,26.58,26.90,26.58,26.90,51614,26.90
2015/3/18,24.50,26.70,24.50,26.70,29521,26.70
2015/3/17,26.80,26.80,26.80,26.80,102508,26.80
2015/3/16,25.40,26.80,25.40,26.80,7651,26.80
2015/3/15,24.40,26.80,24.40,26.80,0,26.80
2015/3/14,24.40,26.80,24.40,26.80,0,26.80
2015/3/13,24.40,26.80,24.40,26.80,5253,26.80
2015/3/12,25.50,26.00,25.50,26.00,27402,26.00
2015/3/11,22.61,26.00,22.61,26.00,114074,26.00
2015/3/10,24.90,26.00,24.90,26.00,29303,26.00
2015/3/9,25.00,27.00,25.00,27.00,50956,27.00
2015/3/8,24.05,26.90,24.05,26.90,0,26.90
2015/3/7,24.05,26.90,24.05,26.90,0,26.90
2015/3/6,24.05,26.90,24.05,26.90,32100,26.90
2015/3/5,24.06,25.00,24.06,25.00,25185,25.00
2015/3/4,23.34,23.34,23.34,23.34,150,23.34
2015/3/3,24.10,24.21,24.10,24.21,26889,24.21
2015/3/2,23.58,23.58,23.58,23.58,3200,23.58
2015/3/1,21.44,21.44,21.44,21.44,0,21.44
2015/2/28,21.44,21.44,21.44,21.44,0,21.44
2015/2/27,21.44,21.44,21.44,21.44,0,21.44
2015/2/26,21.44,21.44,21.44,21.44,0,21.44
2015/2/25,21.44,21.44,21.44,21.44,0,21.44
2015/2/24,21.44,21.44,21.44,21.44,0,21.44
2015/2/23,21.44,21.44,21.44,21.44,0,21.44
2015/2/22,21.44,21.44,21.44,21.44,0,21.44
2015/2/21,21.44,21.44,21.44,21.44,0,21.44
2015/2/20,21.44,21.44,21.44,21.44,0,21.44
2015/2/19,21.44,21.44,21.44,21.44,0,21.44
2015/2/18,21.44,21.44,21.44,21.44,0,21.44
2015/2/17,21.44,21.44,21.44,21.44,3000,21.44
2015/2/16,24.14,24.16,24.14,24.16,17303,24.16
2015/2/15,24.10,24.16,24.10,24.16,0,24.16
2015/2/14,24.10,24.16,24.10,24.16,0,24.16
2015/2/13,24.10,24.16,24.10,24.16,19506,24.16
2015/2/12,24.10,24.14,24.10,24.14,16000,24.14
2015/2/11,21.65,24.14,21.65,24.14,42992,24.14
2015/2/10,24.10,24.10,24.10,24.10,7543,24.10
2015/2/9,24.00,24.08,24.00,24.08,15099,24.08
2015/2/8,24.12,24.12,24.12,24.12,0,24.12
2015/2/7,24.12,24.12,24.12,24.12,0,24.12
2015/2/6,24.12,24.12,24.12,24.12,14690,24.12
2015/2/5,24.09,24.10,24.09,24.10,2880,24.10
2015/2/4,24.09,24.09,24.09,24.09,880,24.09
2015/2/3,24.20,24.20,24.20,24.20,18338,24.20
2015/2/2,24.20,24.20,24.20,24.20,1000,24.20
2015/2/1,24.15,24.49,24.15,24.49,0,24.49
2015/1/31,24.15,24.49,24.15,24.49,0,24.49
2015/1/30,24.15,24.49,24.15,24.49,66828,24.49
2015/1/29,24.17,24.17,24.17,24.17,1623,24.17
2015/1/28,24.08,24.08,24.08,24.08,13608,24.08
2015/1/27,24.08,24.08,24.08,24.08,3274,24.08
2015/1/26,24.08,24.13,24.08,24.13,22578,24.13
2015/1/25,24.11,24.11,24.11,24.11,0,24.11
2015/1/24,24.11,24.11,24.11,24.11,0,24.11
2015/1/23,24.11,24.14,24.11,24.14,20528,24.14
2015/1/22,24.00,24.00,24.00,24.00,606,24.00
2015/1/21,24.00,24.15,24.00,24.15,27029,24.15
2015/1/20,24.07,24.07,24.07,24.07,28819,24.07
2015/1/19,24.13,24.80,24.13,24.80,5100,24.80
2015/1/18,24.06,24.08,24.06,24.08,0,24.08
2015/1/17,24.06,24.08,24.06,24.08,0,24.08
2015/1/16,24.06,24.08,24.06,24.08,19946,24.08
2015/1/15,24.10,24.24,24.10,24.24,3008,24.24
2015/1/14,24.14,24.19,24.14,24.19,8207,24.19
2015/1/13,24.13,24.13,24.13,24.13,13839,24.13
2015/1/12,24.17,24.25,24.17,24.25,15966,24.25
2015/1/11,24.24,24.25,24.24,24.25,0,24.25
2015/1/10,24.24,24.25,24.24,24.25,0,24.25
2015/1/9,24.24,24.25,24.24,24.25,20763,24.25
2015/1/8,24.25,24.60,24.25,24.60,5675,24.60
2015/1/7,24.10,24.10,24.10,24.10,5039,24.10
2015/1/6,24.17,24.17,24.17,24.17,28698,24.17
2015/1/5,24.06,24.06,24.06,24.06,6068,24.06
2015/1/4,24.20,24.20,24.20,24.20,0,24.20
2015/1/3,24.20,24.20,24.20,24.20,0,24.20
2015/1/2,24.20,24.20,24.20,24.20,0,24.20
2015/1/1,24.20,24.20,24.20,24.20,0,24.20
2014/12/31,24.20,24.20,24.20,24.20,61091,24.20
2014/12/30,23.85,24.28,23.85,24.28,32000,24.28
2014/12/29,24.50,24.50,24.50,24.50,56566,24.50
2014/12/28,24.01,24.15,24.01,24.15,0,24.15
2014/12/27,24.01,24.15,24.01,24.15,0,24.15
2014/12/26,24.01,24.15,24.01,24.15,16103,24.15
2014/12/25,23.91,24.38,23.91,24.38,12200,24.38
2014/12/24,24.00,24.15,24.00,24.15,35206,24.15
2014/12/23,23.54,24.98,23.54,24.98,44400,24.98
2014/12/22,24.14,24.20,24.14,24.20,30271,24.20
2014/12/21,24.09,24.20,24.09,24.20,0,24.20
2014/12/20,24.09,24.20,24.09,24.20,0,24.20
2014/12/19,24.09,24.20,24.09,24.20,34252,24.20
2014/12/18,23.20,24.10,23.20,24.10,58759,24.10
2014/12/17,24.30,24.32,24.30,24.32,50080,24.32
2014/12/16,23.45,24.35,23.45,24.35,66807,24.35
2014/12/15,24.22,24.35,24.22,24.35,34512,24.35
2014/12/14,24.30,24.44,24.30,24.44,0,24.44
2014/12/13,24.30,24.44,24.30,24.44,0,24.44
2014/12/12,24.30,24.44,24.30,24.44,41909,24.44
2014/12/11,24.15,24.35,24.15,24.35,34553,24.35
2014/12/10,24.35,24.40,24.35,24.40,27221,24.40
2014/12/9,24.24,24.50,24.24,24.50,28292,24.50
2014/12/8,24.22,24.35,24.22,24.35,19938,24.35
2014/12/7,23.50,24.35,23.50,24.35,0,24.35
2014/12/6,23.50,24.35,23.50,24.35,0,24.35
2014/12/5,23.50,24.35,23.50,24.35,39790,24.35
2014/12/4,24.50,24.50,24.50,24.50,41367,24.50
2014/12/3,24.30,25.00,24.30,25.00,15201,25.00
2014/12/2,24.20,24.23,24.20,24.23,4204,24.23
2014/12/1,25.20,25.20,25.20,25.20,11401,25.20
2014/11/30,24.50,24.50,24.50,24.50,0,24.50
2014/11/29,24.50,24.50,24.50,24.50,0,24.50
2014/11/28,24.50,24.50,24.50,24.50,30877,24.50
2014/11/27,24.15,24.30,24.15,24.30,2000,24.30
2014/11/26,24.10,24.45,24.10,24.45,61652,24.45
2014/11/25,24.00,24.05,24.00,24.05,19801,24.05
2014/11/24,24.20,24.20,24.20,24.20,5272,24.20
2014/11/23,24.11,24.15,24.11,24.15,0,24.15
2014/11/22,24.11,24.15,24.11,24.15,0,24.15
2014/11/21,24.11,24.15,24.11,24.15,1200,24.15
2014/11/20,24.40,24.41,24.40,24.41,10840,24.41
2014/11/19,24.31,24.80,24.31,24.80,27901,24.80
2014/11/18,24.40,24.60,24.40,24.60,16392,24.60
2014/11/17,24.60,24.60,24.60,24.60,8010,24.60
2014/11/16,24.90,24.90,24.90,24.90,0,24.90
2014/11/15,24.90,24.90,24.90,24.90,0,24.90
2014/11/14,24.90,24.90,24.90,24.90,11501,24.90
2014/11/13,24.90,24.90,24.90,24.90,23347,24.90
2014/11/12,24.31,24.80,24.31,24.80,27901,24.80
2014/11/11,24.31,24.80,24.31,24.80,0,24.80
2014/11/10,25.00,25.00,25.00,25.00,300,25.00
2014/11/9,25.20,25.20,25.20,25.20,0,25.20
2014/11/8,25.20,25.20,25.20,25.20,0,25.20
2014/11/7,25.20,25.20,25.20,25.20,17391,25.20
2014/11/6,25.10,25.10,25.10,25.10,9764,25.10
2014/11/5,25.30,25.30,25.30,25.30,7639,25.30
2014/11/4,25.30,25.30,25.30,25.30,7228,25.30
2014/11/2,25.01,25.22,25.01,25.22,0,25.22
2014/11/1,25.01,25.22,25.01,25.22,0,25.22
2014/10/31,25.01,25.22,25.01,25.22,18275,25.22
2014/10/30,25.00,25.10,25.00,25.10,12868,25.10
2014/10/29,25.00,25.30,25.00,25.30,23567,25.30
2014/10/28,24.99,25.10,24.99,25.10,17174,25.10
2014/10/27,25.02,25.20,25.02,25.20,12545,25.20
2014/10/26,25.00,25.30,25.00,25.30,0,25.30
2014/10/25,25.00,25.30,25.00,25.30,0,25.30
2014/10/24,25.00,25.30,25.00,25.30,15480,25.30
2014/10/23,25.00,25.40,25.00,25.40,5956,25.40
2014/10/22,25.00,25.00,25.00,25.00,8027,25.00
2014/10/21,25.99,25.99,25.99,25.99,43273,25.99
2014/10/20,25.70,25.80,25.70,25.80,9892,25.80
2014/10/19,25.37,25.90,25.37,25.90,0,25.90
2014/10/18,25.37,25.90,25.37,25.90,0,25.90
2014/10/17,25.37,25.90,25.37,25.90,12300,25.90
2014/10/16,25.60,25.65,25.60,25.65,7455,25.65
2014/10/15,25.70,25.87,25.70,25.87,27932,25.87
2014/10/14,25.50,25.91,25.50,25.91,6428,25.91
2014/10/13,25.70,25.70,25.70,25.70,5927,25.70
2014/10/12,25.00,25.00,25.00,25.00,0,25.00
2014/10/11,25.00,25.00,25.00,25.00,0,25.00
2014/10/10,25.00,25.80,25.00,25.80,22004,25.80
2014/10/9,25.79,25.79,25.79,25.79,10121,25.79
2014/10/8,25.08,25.14,25.08,25.14,14428,25.14
2014/10/7,24.99,25.00,24.99,25.00,0,25.00
2014/10/6,24.99,25.00,24.99,25.00,0,25.00
2014/10/5,24.99,25.00,24.99,25.00,0,25.00
2014/10/4,24.99,25.00,24.99,25.00,0,25.00
2014/10/3,24.99,25.00,24.99,25.00,0,25.00
2014/10/2,24.99,25.00,24.99,25.00,0,25.00
2014/10/1,24.99,25.00,24.99,25.00,0,25.00
2014/9/30,24.99,25.00,24.99,25.00,47251,25.00
2014/9/29,24.59,25.09,24.59,25.09,31227,25.09
2014/9/28,24.65,24.65,24.65,24.65,0,24.65
2014/9/27,24.65,24.65,24.65,24.65,0,24.65
2014/9/26,24.65,24.65,24.65,24.65,11129,24.65
2014/9/25,24.70,24.70,24.70,24.70,10368,24.70
2014/9/24,24.55,24.55,24.55,24.55,16301,24.55
2014/9/23,24.14,24.55,24.14,24.55,27371,24.55
2014/9/22,24.21,24.50,24.21,24.50,11740,24.50
2014/9/21,24.45,24.50,24.45,24.50,0,24.50
2014/9/20,24.45,24.50,24.45,24.50,0,24.50
2014/9/19,24.45,24.50,24.45,24.50,20700,24.50
2014/9/18,24.13,24.50,24.13,24.50,9116,24.50
2014/9/17,23.95,24.35,23.95,24.35,15550,24.35
2014/9/16,24.00,24.30,24.00,24.30,9494,24.30
2014/9/15,23.70,24.25,23.70,24.25,6645,24.25
2014/9/14,24.10,24.29,24.10,24.29,0,24.29
2014/9/13,24.10,24.29,24.10,24.29,0,24.29
2014/9/12,24.10,24.29,24.10,24.29,6939,24.29
2014/9/11,24.00,24.10,24.00,24.10,10860,24.10
2014/9/10,23.85,24.05,23.85,24.05,20537,24.05
2014/9/9,23.97,23.97,23.97,23.97,12651,23.97
2014/9/8,23.81,24.00,23.81,24.00,0,24.00
2014/9/7,23.81,24.00,23.81,24.00,0,24.00
2014/9/6,23.81,24.00,23.81,24.00,0,24.00
2014/9/5,23.81,24.00,23.81,24.00,11868,24.00
2014/9/4,23.00,23.95,23.00,23.95,9242,23.95
2014/9/3,23.80,23.99,23.80,23.99,46270,23.99
2014/9/2,21.41,24.49,21.41,24.49,7710,24.49
2014/9/1,23.70,23.98,23.70,23.98,6505,23.98
2014/8/31,23.48,23.95,23.48,23.95,0,23.95
2014/8/30,23.48,23.95,23.48,23.95,0,23.95
2014/8/29,23.48,23.95,23.48,23.95,37659,23.95
2014/8/28,22.50,23.50,22.50,23.50,15759,23.50
2014/8/27,22.95,23.48,22.95,23.48,6001,23.48
2014/8/26,22.91,23.90,22.91,23.90,8545,23.90
2014/8/25,22.50,23.50,22.50,23.50,24124,23.50
2014/8/24,23.00,23.00,23.00,23.00,0,23.00
2014/8/23,23.00,23.00,23.00,23.00,0,23.00
2014/8/22,23.00,23.00,23.00,23.00,4583,23.00
2014/8/21,23.50,23.50,23.50,23.50,4366,23.50
2014/8/20,22.58,23.60,22.58,23.60,6935,23.60
2014/8/19,23.20,23.20,23.20,23.20,7223,23.20
2014/8/18,23.88,23.88,23.88,23.88,27318,23.88
2014/8/17,22.82,22.99,22.82,22.99,0,22.99
2014/8/16,22.82,22.99,22.82,22.99,0,22.99
2014/8/15,22.82,22.99,22.82,22.99,39298,22.99
2014/8/14,24.90,24.90,24.90,24.90,6524,24.90
2014/8/13,22.88,23.00,22.88,23.00,11443,23.00
2014/8/12,23.00,23.00,23.00,23.00,13226,23.00
2014/8/11,23.00,23.05,23.00,23.05,9537,23.05
2014/8/10,23.08,23.08,23.08,23.08,0,23.08
2014/8/9,23.08,23.08,23.08,23.08,0,23.08
2014/8/8,23.08,23.08,23.08,23.08,16181,23.08
2014/8/7,22.30,23.06,22.30,23.06,16439,23.06
2014/8/6,25.00,25.00,25.00,25.00,28205,25.00
2014/8/5,20.87,23.30,20.87,23.30,19142,23.30
2014/8/4,25.40,25.40,25.40,25.40,13508,25.40
2014/8/3,23.95,25.00,23.95,25.00,0,25.00
2014/8/2,23.95,25.00,23.95,25.00,0,25.00
2014/8/1,23.95,25.00,23.95,25.00,22617,25.00
2014/7/31,23.60,23.92,23.60,23.92,26001,23.92
2014/7/30,23.99,24.00,23.99,24.00,30910,24.00
2014/7/29,23.53,24.00,23.53,24.00,26504,24.00
2014/7/28,22.80,23.79,22.80,23.79,28233,23.79
2014/7/27,23.13,23.25,23.13,23.25,0,23.25
2014/7/26,23.13,23.25,23.13,23.25,0,23.25
2014/7/25,23.13,23.25,23.13,23.25,28824,23.25
2014/7/24,21.18,23.80,21.18,23.80,60062,23.80
2014/7/23,23.12,23.65,23.12,23.65,42168,23.65
2014/7/22,21.50,23.83,21.50,23.83,31456,23.83
2014/7/21,23.50,23.65,23.50,23.65,42644,23.65
2014/7/20,24.50,24.50,24.50,24.50,0,24.50
2014/7/19,24.50,24.50,24.50,24.50,0,24.50
2014/7/18,24.50,24.50,24.50,24.50,32430,24.50
2014/7/17,23.90,24.05,23.90,24.05,42905,24.05
2014/7/16,24.00,24.50,24.00,24.50,32708,24.50
2014/7/15,23.90,24.50,23.90,24.50,42500,24.50
2014/7/14,23.64,25.00,23.64,25.00,37215,25.00
2014/7/13,24.30,24.30,24.30,24.30,0,24.30
2014/7/12,24.30,24.30,24.30,24.30,0,24.30
2014/7/11,24.30,24.30,24.30,24.30,41097,24.30
2014/7/10,23.50,23.50,23.50,23.50,36873,23.50
2014/7/9,23.22,23.30,23.22,23.30,47742,23.30
2014/7/8,23.50,23.91,23.50,23.91,37879,23.91
2014/7/7,23.00,23.19,23.00,23.19,38383,23.19
2014/7/6,23.00,23.48,23.00,23.48,0,23.48
2014/7/5,23.00,23.48,23.00,23.48,0,23.48
2014/7/4,23.00,23.48,23.00,23.48,44752,23.48
2014/7/3,24.30,24.30,24.30,24.30,52724,24.30
2014/7/2,23.80,23.80,23.80,23.80,52073,23.80
2014/7/1,22.85,22.88,22.85,22.88,33999,22.88
2014/6/30,24.40,24.40,24.40,24.40,62454,24.40
2014/6/29,23.00,23.00,23.00,23.00,0,23.00
2014/6/28,23.00,23.00,23.00,23.00,0,23.00
2014/6/27,23.00,23.00,23.00,23.00,42155,23.00
2014/6/26,21.00,23.48,21.00,23.48,50022,23.48
2014/6/25,25.16,25.16,25.16,25.16,41431,25.16
2014/6/24,23.45,23.45,23.45,23.45,37453,23.45
2014/6/23,22.92,23.00,22.92,23.00,52329,23.00
2014/6/22,22.96,23.00,22.96,23.00,0,23.00
2014/6/21,22.96,23.00,22.96,23.00,0,23.00
2014/6/20,22.96,23.00,22.96,23.00,35251,23.00
2014/6/19,23.00,23.25,23.00,23.25,49128,23.25
2014/6/18,22.01,23.00,22.01,23.00,43208,23.00
2014/6/17,23.00,23.00,23.00,23.00,55305,23.00
2014/6/16,24.00,24.00,24.00,24.00,42312,24.00
2014/6/15,23.75,23.70,23.75,23.70,0,23.70
2014/6/14,23.75,23.70,23.75,23.70,0,23.70
2014/6/13,23.75,23.70,23.75,23.70,42435,23.70
2014/6/12,23.75,23.80,23.75,23.80,42191,23.80
2014/6/11,23.60,23.80,23.60,23.80,69436,23.80
2014/6/10,23.80,23.80,23.80,23.80,51044,23.80
2014/6/9,23.65,23.95,23.65,23.95,40005,23.95
2014/6/8,23.40,23.90,23.40,23.90,0,23.90
2014/6/7,23.40,23.90,23.40,23.90,0,23.90
2014/6/6,23.40,23.90,23.40,23.90,46743,23.90
2014/6/5,23.98,23.98,23.98,23.98,37699,23.98
2014/6/4,23.90,24.50,23.90,24.50,40311,24.50
2014/6/3,23.91,24.00,23.91,24.00,38890,24.00
2014/6/2,24.00,24.01,24.00,24.01,0,24.01
2014/6/1,24.00,24.01,24.00,24.01,0,24.01
2014/5/31,24.00,24.01,24.00,24.01,0,24.01
2014/5/30,24.00,24.01,24.00,24.01,42430,24.01
2014/5/29,23.83,24.23,23.83,24.23,49285,24.23
2014/5/28,23.75,24.00,23.75,24.00,39347,24.00
2014/5/27,23.85,24.10,23.85,24.10,42235,24.10
2014/5/26,24.30,24.30,24.30,24.30,53045,24.30
2014/5/25,24.00,24.00,24.00,24.00,43977,24.00
2014/5/24,24.00,24.00,24.00,24.00,0,24.00
2014/5/23,24.00,24.00,24.00,24.00,43977,24.00
2014/5/22,24.00,24.65,24.00,24.65,39071,24.65
2014/5/21,24.24,24.24,24.24,24.24,49062,24.24
2014/5/20,24.21,24.21,24.21,24.21,36258,24.21
2014/5/19,24.30,36.00,24.30,36.00,45736,36.00
2014/5/18,25.00,25.00,25.00,25.00,0,25.00
2014/5/17,25.00,25.00,25.00,25.00,0,25.00
2014/5/16,25.00,25.00,25.00,25.00,41991,25.00
2014/5/15,23.76,24.30,23.76,24.30,46567,24.30
2014/5/14,23.53,23.90,23.53,23.90,75370,23.90
2014/5/13,23.51,24.17,23.51,24.17,70038,24.17
2014/5/12,23.71,23.71,23.71,23.71,35890,23.71
2014/5/11,23.73,23.76,23.73,23.76,0,23.76
2014/5/10,23.73,23.76,23.73,23.76,0,23.76
2014/5/9,23.73,23.76,23.73,23.76,38590,23.76
2014/5/8,23.85,24.00,23.85,24.00,45483,24.00
2014/5/7,23.96,23.96,23.96,23.96,43426,23.96
2014/5/6,23.99,24.10,23.99,24.10,42494,24.10
2014/5/5,24.00,24.36,24.00,24.36,50770,24.36
2014/5/4,24.45,24.45,24.45,24.45,0,24.45
2014/5/3,24.45,24.45,24.45,24.45,0,24.45
2014/5/2,24.45,24.45,24.45,24.45,0,24.45
2014/5/1,24.45,24.45,24.45,24.45,0,24.45
2014/4/30,24.45,24.45,24.45,24.45,2034940,24.45
2014/4/29,23.99,24.50,23.99,24.50,62994,24.50
2014/4/28,25.00,25.00,25.00,25.00,57357,25.00
2014/4/27,24.30,24.50,24.30,24.50,0,24.50
2014/4/26,24.30,24.50,24.30,24.50,0,24.50
2014/4/25,24.30,24.50,24.30,24.50,55345,24.50
2014/4/24,24.00,24.55,24.00,24.55,49084,24.55
2014/4/23,24.60,24.60,24.60,24.60,65882,24.60
2014/4/22,24.60,24.85,24.60,24.85,116412,24.85
2014/4/21,25.08,25.40,25.08,25.40,99891,25.40
2014/4/20,25.20,25.20,25.20,25.20,0,25.20
2014/4/19,25.20,25.20,25.20,25.20,0,25.20
2014/4/18,25.20,25.20,25.20,25.20,77544,25.20
2014/4/17,25.50,25.70,25.50,25.70,99390,25.70
2014/4/16,25.20,25.70,25.20,25.70,76053,25.70
2014/4/15,25.30,26.10,25.30,26.10,63175,26.10
2014/4/14,24.50,24.51,24.50,24.51,58370,24.51
2014/4/13,24.00,24.89,24.00,24.89,0,24.89
2014/4/12,24.00,24.89,24.00,24.89,0,24.89
2014/4/11,24.00,24.89,24.00,24.89,113059,24.89
2014/4/10,24.50,26.00,24.50,26.00,64950,26.00
2014/4/9,25.03,27.00,25.03,27.00,77473,27.00
2014/4/8,29.25,29.25,29.25,29.25,112057,29.25
2014/4/7,26.62,26.62,26.62,26.62,0,26.62
2014/4/6,26.62,26.62,26.62,26.62,0,26.62
2014/4/5,26.62,26.62,26.62,26.62,0,26.62
2014/4/4,26.62,26.62,26.62,26.62,304125,26.62
2014/4/3,24.20,24.20,24.20,24.20,51468,24.20
2014/4/2,21.00,22.00,21.00,22.00,510020,22.00
