Date,Value
2008-3-26,21.89
2008-3-27,21.88
2008-3-28,21.59
2008-3-29,21.05
2008-4-1,21.57
2008-4-2,22.02
2008-4-3,22.4
2008-4-4,23.05
2008-4-5,22.72
2008-4-8,23.25
2008-4-9,23.27
2008-4-10,23.24
2008-4-11,23.87
2008-4-12,23.87
2008-4-15,24.6
2008-4-16,24.78
2008-4-17,24.78
2008-4-18,24.29
2008-4-19,24.02
2008-4-22,24.84
2008-4-23,24.91
2008-4-24,24.6
2008-4-25,24.6
2008-4-26,24.27
2008-4-29,24.32
2008-4-30,23.74
2008-5-1,23.85
2008-5-3,23.86
2008-5-6,24.83
2008-5-7,24.82
2008-5-8,24.85
2008-5-9,24.78
2008-5-10,24.69
2008-5-14,24.46
2008-5-15,24.08
2008-5-16,24.6
2008-5-17,24.36
2008-5-20,24.83
2008-5-21,24.85
2008-5-22,25.12
2008-5-23,25.45
2008-5-24,25.37
2008-5-27,25.7
2008-5-28,25.98
2008-5-29,25.87
2008-5-30,26.05
2008-5-31,26.7
2008-6-3,25.18
2008-6-4,26.68
2008-6-5,26.28
2008-6-6,26.06
2008-6-7,27.05
2008-6-10,27.05
2008-6-11,26.77
2008-6-12,26.71
2008-6-13,26.62
2008-6-14,26.42
2008-6-17,27.24
2008-6-18,26.77
2008-6-19,26.94
2008-6-20,27.08
2008-6-21,26.74
2008-6-24,27.3
2008-6-25,27.3
2008-6-26,27.08
2008-6-27,27.28
2008-6-28,27.7
2008-7-1,28.25
2008-7-2,28.75
2008-7-3,27.2
2008-7-4,27.18
2008-7-5,27.1
2008-7-8,27.05
2008-7-9,25.5
2008-7-10,25.67
2008-7-11,26.35
2008-7-12,27
2008-7-15,26.82
2008-7-16,26.48
2008-7-17,24.73
2008-7-18,25.3
2008-7-19,24.1
2008-7-22,24.28
2008-7-23,24.31
2008-7-24,24.33
2008-7-25,24.76
2008-7-26,24.56
2008-7-29,24.17
2008-7-30,23.23
2008-7-31,22.1
2008-8-1,21.63
2008-8-2,21
2008-8-5,20.96
2008-8-6,21.3
2008-8-7,22.1
2008-8-8,22.57
2008-8-9,22.25
2008-8-12,22.31
2008-8-13,23.13
2008-8-14,23.53
2008-8-15,23.11
2008-8-16,22.75
2008-8-19,23.29
2008-8-20,23.36
2008-8-21,24.1
2008-8-22,24.36
2008-8-23,24.27
2008-8-26,24.03
2008-8-27,24.43
2008-8-28,24.89
2008-8-29,24.85
2008-8-30,24.88
2008-9-2,24.65
2008-9-3,24.4
2008-9-4,24.31
2008-9-5,24.49
2008-9-6,24.12
2008-9-9,23.99
2008-9-10,22.75
2008-9-11,22.56
2008-9-12,22.95
2008-9-13,23.6
2008-9-16,22.8
2008-9-17,22.54
2008-9-18,23.11
2008-9-19,23.36
2008-9-20,24.36
2008-9-23,24.67
2008-9-24,24.87
2008-9-25,24.37
2008-9-26,24.47
2008-9-27,24.28
2008-9-30,23.03
2008-10-1,22.35
2008-10-2,23.1
2008-10-3,23.06
2008-10-7,21.83
2008-10-8,22.03
2008-10-9,21.68
2008-10-10,22.48
2008-10-11,21.89
2008-10-14,22.69
2008-10-15,23.2
2008-10-16,22.8
2008-10-17,21.96
2008-10-18,21.53
2008-10-21,21.84
2008-10-22,21.35
2008-10-23,19.8
2008-10-24,20
2008-10-25,18.83
2008-10-28,17.77
2008-10-29,17.61
2008-10-30,18.18
2008-10-31,18.13
2008-11-1,17.67
2008-11-4,18.17
2008-11-5,18.62
2008-11-6,18.55
2008-11-7,18.2
2008-11-8,18.7
2008-11-11,18.58
2008-11-12,17.93
2008-11-13,18.06
2008-11-14,17.97
2008-11-15,17.82
2008-11-18,17.03
2008-11-19,16.67
2008-11-20,16.42
2008-11-21,15
2008-11-22,15.09
2008-11-25,15.54
2008-11-26,15.74
2008-11-27,15.57
2008-11-28,16.28
2008-11-29,15.65
2008-12-2,15.63
2008-12-3,15.4
2008-12-4,15.23
2008-12-5,14.93
2008-12-6,13.8
2008-12-9,14.4
2008-12-10,14.25
2008-12-11,14.61
2008-12-12,14.8
2008-12-13,14.75
2008-12-16,15.45
2008-12-17,15.3
2008-12-18,15.3
2008-12-19,15.13
2008-12-20,15.05
2008-12-23,15.35
2008-12-24,15.2
2008-12-30,15.8
2008-12-31,15.4
2009-1-3,14.77
2009-1-6,14.88
2009-1-7,15.1
2009-1-8,15
2009-1-9,14.55
2009-1-10,15
2009-1-13,14.28
2009-1-14,14.13
2009-1-15,14
2009-1-16,12.78
2009-1-17,12.32
2009-1-20,11.35
2009-1-21,11.05
2009-1-22,11.12
2009-1-23,11.43
2009-1-24,11.28
2009-1-27,11.65
2009-1-28,11.54
2009-1-29,11.45
2009-1-30,11.57
2009-1-31,11.49
2009-2-3,11.18
2009-2-4,10.35
2009-2-5,10.13
2009-2-6,9.9
2009-2-7,9.85
2009-2-10,9.8
2009-2-11,9.08
2009-2-12,8.45
2009-2-13,7.98
2009-2-14,8.35
2009-2-17,8.18
2009-2-18,8.5
2009-2-19,9.39
2009-2-20,10.4
2009-2-21,9.74
2009-2-24,9.44
2009-2-25,9.15
2009-2-26,9.51
2009-2-27,10.37
2009-2-28,9.95
2009-3-3,9.85
2009-3-4,10.76
2009-3-5,11.4
2009-3-6,11.05
2009-3-7,10.65
2009-3-10,11.35
2009-3-11,11.75
2009-3-12,11.42
2009-3-13,11.55
2009-3-14,11.9
2009-3-17,12.15
2009-3-18,12.52
2009-3-19,12.05
2009-3-20,11.32
2009-3-21,10.9
2009-3-24,11.51
2009-3-25,10.85
2009-3-26,10.15
2009-3-27,10.48
2009-3-28,10.7
2009-3-31,10.83
2009-4-1,11.26
2009-4-2,11.74
2009-4-3,11.75
2009-4-4,12.2
2009-4-7,12.48
2009-4-8,12.07
2009-4-9,12.35
2009-4-10,12.97
2009-4-15,13.78
2009-4-16,13.4
2009-4-17,13.5
2009-4-18,13.51
2009-4-21,12.8
2009-4-22,12.6
2009-4-23,13.22
2009-4-24,13.17
2009-4-25,13.3
2009-4-28,13.15
2009-4-29,13.11
2009-4-30,13.32
2009-5-1,13.85
2009-5-5,14.4
2009-5-6,13.78
2009-5-7,14.19
2009-5-8,14.47
2009-5-9,15.14
2009-5-12,15.41
2009-5-13,14.64
2009-5-14,14.29
2009-5-15,14.04
2009-5-16,14.04
2009-5-19,14
2009-5-20,14.25
2009-5-21,14.82
2009-5-23,14.81
2009-5-26,14.85
2009-5-27,14.69
2009-5-28,14.96
2009-5-29,14.81
2009-5-30,14.55
2009-6-3,14.61
2009-6-4,13.96
2009-6-5,13.86
2009-6-6,13.71
2009-6-9,12.97
2009-6-10,12.86
2009-6-11,12.95
2009-6-12,13.05
2009-6-13,12.7
2009-6-16,12.11
2009-6-17,12.61
2009-6-18,12.65
2009-6-19,12.62
2009-6-20,13.02
2009-6-23,12.71
2009-6-24,12.8
2009-6-25,13.18
2009-6-26,13.22
2009-6-27,13.29
2009-6-30,13.3
2009-7-1,13.13
2009-7-2,13.04
2009-7-3,12.86
2009-7-4,12.85
2009-7-7,12.82
2009-7-8,12.89
2009-7-9,13.17
2009-7-10,13.49
2009-7-11,13.85
2009-7-14,14.31
2009-7-15,13.94
2009-7-16,14.35
2009-7-17,14.44
2009-7-18,13.98
2009-7-21,14.05
2009-7-22,14.38
2009-7-23,14.17
2009-7-24,14.22
2009-7-25,14.25
2009-7-28,14.1
2009-7-29,13.8
2009-7-30,13.56
2009-7-31,13.8
2009-8-1,13.75
2009-8-4,14.25
2009-8-5,14.45
2009-8-6,14.31
2009-8-7,14.3
2009-8-8,14.11
2009-8-11,14.11
2009-8-12,14.12
2009-8-13,14.24
2009-8-14,14.24
2009-8-15,14.33
2009-8-18,14.34
2009-8-19,14.6
2009-8-20,14.79
2009-8-21,15.1
2009-8-22,15.21
2009-8-25,15.18
2009-8-26,15.08
2009-8-27,15.1
2009-8-28,15.03
2009-8-29,15.11
2009-9-1,14.85
2009-9-2,14.73
2009-9-3,14.81
2009-9-4,15.24
2009-9-5,15.22
2009-9-8,15.22
2009-9-9,15.41
2009-9-10,15.1
2009-9-11,15.06
2009-9-12,14.48
2009-9-15,13.93
2009-9-16,14.14
2009-9-17,14.12
2009-9-18,13.6
2009-9-19,13.5
2009-9-22,13.76
2009-9-23,13.71
2009-9-24,13.22
2009-9-25,12.72
2009-9-26,13.02
2009-9-29,13.28
2009-9-30,13.07
2009-10-1,13.14
2009-10-2,13.22
2009-10-3,13
2009-10-6,13.09
2009-10-7,13.66
2009-10-8,13.66
2009-10-9,13.34
2009-10-10,13.65
2009-10-13,14.26
2009-10-14,14.31
2009-10-15,14.47
2009-10-16,14.23
2009-10-17,14.01
2009-10-20,14.14
2009-10-21,14.54
2009-10-22,14.93
2009-10-23,14.64
2009-10-24,14.34
2009-10-27,14.4
2009-10-28,14.33
2009-10-29,14.25
2009-10-30,14.63
2009-10-31,14.5
2009-11-3,14.47
2009-11-4,14.33
2009-11-5,14.4
2009-11-6,14.39
2009-11-7,14.12
2009-11-10,13.77
2009-11-11,13.88
2009-11-12,13.62
2009-11-13,13.2
2009-11-14,13.34
2009-11-17,13.66
2009-11-18,13.44
2009-11-19,13.38
2009-11-20,13.33
2009-11-21,13.07
2009-11-24,13.1
2009-11-25,12.58
2009-11-26,12.77
2009-11-27,13
2009-11-28,13.06
2009-12-1,13.14
2009-12-2,13.47
2009-12-3,13.58
2009-12-4,13.88
2009-12-5,14.06
2009-12-8,14.48
2009-12-9,14.2
2009-12-10,14.06
2009-12-11,14.14
2009-12-12,14.36
2009-12-15,14.44
2009-12-16,14.47
2009-12-17,14.22
2009-12-18,13.38
2009-12-19,13.4
2009-12-22,12.22
2009-12-23,12.39
2009-12-24,12.58
2009-12-29,12.5
2009-12-30,12.31
2009-12-31,12.36
2010-1-5,12.87
2010-1-6,12.55
2010-1-7,12.19
2010-1-8,12.39
2010-1-9,12.72
2010-1-12,13.02
2010-1-13,12.8
2010-1-14,12.65
2010-1-15,13.26
2010-1-16,13.08
2010-1-19,13.33
2010-1-20,13.41
2010-1-21,13.2
2010-1-22,13.09
2010-1-23,12.94
2010-1-26,13.16
2010-1-27,13.36
2010-1-28,13.3
2010-1-29,12.98
2010-1-30,12.87
2010-2-2,12.7
2010-2-3,12.54
2010-2-4,12.66
2010-2-5,12.92
2010-2-6,13.17
2010-2-9,13.42
2010-2-10,13.41
2010-2-11,13.15
2010-2-12,13.01
2010-2-13,12.83
2010-2-16,12.91
2010-2-17,13.14
2010-2-18,12.94
2010-2-19,12.71
2010-2-20,12.48
2010-2-23,12.6
2010-2-24,12.59
2010-2-25,12.88
2010-2-26,12.77
2010-2-27,12.83
2010-3-2,13.08
2010-3-3,13.15
2010-3-4,13.32
2010-3-5,13.13
2010-3-6,13.08
2010-3-9,13.04
2010-3-10,12.96
2010-3-11,13.09
2010-3-12,12.79
2010-3-13,12.7
2010-3-16,12.85
2010-3-17,12.91
2010-3-18,12.86
2010-3-19,12.96
2010-3-20,12.96
2010-3-23,13
2010-3-24,12.74
2010-3-25,12.5
2010-3-26,12.52
2010-3-27,12.69
2010-3-30,12.69
2010-3-31,12.59
2010-4-1,12.69
2010-4-2,12.82
2010-4-7,13.17
2010-4-8,13.33
2010-4-9,13.44
2010-4-10,13.51
2010-4-13,13.45
2010-4-14,13.45
2010-4-15,13.95
2010-4-16,14.01
2010-4-17,14.33
2010-4-20,14.51
2010-4-21,14.59
2010-4-22,14.53
2010-4-23,14.56
2010-4-24,14.61
2010-4-27,15.36
2010-4-28,15.44
2010-4-29,14.92
2010-4-30,15.31
2010-5-1,15.59
2010-5-4,16.28
2010-5-5,15.79
2010-5-6,15.56
2010-5-7,16.05
2010-5-8,15.58
2010-5-11,15.28
2010-5-12,15.27
2010-5-13,15.61
2010-5-15,15.71
2010-5-18,14.93
2010-5-19,15.11
2010-5-20,14.86
2010-5-21,14.27
2010-5-22,14.42
2010-5-26,14.96
2010-5-27,15.36
2010-5-28,15.39
2010-5-29,15
2010-6-1,14.95
2010-6-2,14.91
2010-6-3,15.07
2010-6-4,15.11
2010-6-5,15.2
2010-6-8,15.01
2010-6-9,15.35
2010-6-10,15.67
2010-6-11,15.48
2010-6-12,15.47
2010-6-15,15.7
2010-6-16,15.71
2010-6-17,15.52
2010-6-18,15.47
2010-6-19,15.68
2010-6-22,15.69
2010-6-23,15.27
2010-6-24,15.23
2010-6-25,15.21
2010-6-26,15.14
2010-6-29,15.26
2010-6-30,15.05
2010-7-1,15.08
2010-7-2,15.09
2010-7-3,15.17
2010-7-6,15.11
2010-7-7,15.14
2010-7-8,14.8
2010-7-9,14.44
2010-7-10,14.6
2010-7-13,14.05
2010-7-14,13.94
2010-7-15,13.6
2010-7-16,13.79
2010-7-17,14.28
2010-7-20,14.33
2010-7-21,14.19
2010-7-22,13.85
2010-7-23,14.09
2010-7-24,14.04
2010-7-27,13.66
2010-7-28,13.48
2010-7-29,13.58
2010-7-30,13.92
2010-7-31,13.96
2010-8-3,14.29
2010-8-4,14.34
2010-8-5,14.26
2010-8-6,14.26
2010-8-7,14.11
2010-8-10,14.32
2010-8-11,14.38
2010-8-12,14.33
2010-8-13,14.23
2010-8-14,14.4
2010-8-17,14.31
2010-8-18,14.39
2010-8-19,14.27
2010-8-20,14.61
2010-8-21,14.94
2010-8-24,14.84
2010-8-25,14.77
2010-8-26,15.23
2010-8-27,15.27
2010-8-28,15.18
2010-8-31,15.3
2010-9-1,15.26
2010-9-2,15.27
2010-9-3,15.66
2010-9-4,15.63
2010-9-7,15.67
2010-9-8,15.64
2010-9-9,15.61
2010-9-10,15.46
2010-9-11,15.13
2010-9-14,15.31
2010-9-15,15.18
2010-9-16,15.32
2010-9-17,15.17
2010-9-18,15.2
2010-9-21,15
2010-9-22,14.78
2010-9-23,14.93
2010-9-24,14.82
2010-9-25,15.19
2010-9-28,15.27
2010-9-29,15.57
2010-9-30,15.57
2010-10-1,15.45
2010-10-2,15.22
2010-10-5,15.23
2010-10-6,15.44
2010-10-7,15.51
2010-10-8,15.43
2010-10-9,15.52
2010-10-12,15.67
2010-10-13,15.65
2010-10-14,15.68
2010-10-15,15.48
2010-10-16,15.44
2010-10-19,15.27
2010-10-20,15.12
2010-10-21,15.01
2010-10-22,14.98
2010-10-23,14.91
2010-10-26,15.15
2010-10-27,15.01
2010-10-28,15
2010-10-29,14.86
2010-10-30,14.63
2010-11-2,14.62
2010-11-3,14.65
2010-11-4,14.76
2010-11-5,14.41
2010-11-6,14.43
2010-11-9,14.19
2010-11-10,14.26
2010-11-11,14.49
2010-11-12,14.78
2010-11-13,14.91
2010-11-16,15.05
2010-11-17,14.68
2010-11-18,14.89
2010-11-19,14.98
2010-11-20,14.9
2010-11-23,15.06
2010-11-24,14.95
2010-11-25,15.15
2010-11-26,15.08
2010-11-27,15.02
2010-11-30,14.96
2010-12-1,14.66
2010-12-2,14.84
2010-12-3,14.82
2010-12-4,14.68
2010-12-7,14.81
2010-12-8,14.73
2010-12-9,14.63
2010-12-10,14.53
2010-12-11,14.51
2010-12-14,14.51
2010-12-15,14.42
2010-12-16,14.24
2010-12-17,14.27
2010-12-18,13.96
2010-12-21,13.72
2010-12-22,13.85
2010-12-23,13.96
2010-12-24,13.78
2010-12-28,13.65
2010-12-29,13.7
2010-12-30,13.86
2010-12-31,13.8
2011-1-4,13.8
2011-1-5,14.05
2011-1-6,14.19
2011-1-7,14.4
2011-1-8,14.34
2011-1-11,14.13
2011-1-12,13.99
2011-1-13,13.89
2011-1-14,13.99
2011-1-15,14.08
2011-1-18,14.23
2011-1-19,14.27
2011-1-20,14.21
2011-1-21,14.11
2011-1-22,14.19
2011-1-25,14.3
2011-1-26,14.39
2011-1-27,14.73
2011-1-28,14.42
2011-1-29,14.42
2011-2-1,14.57
2011-2-2,14.51
2011-2-3,14.7
2011-2-4,14.43
2011-2-5,14.35
2011-2-8,14.28
2011-2-9,14.44
2011-2-10,14.45
2011-2-11,14.4
2011-2-12,14.48
2011-2-15,14.45
2011-2-16,14.46
2011-2-17,14.51
2011-2-18,14.58
2011-2-19,14.7
2011-2-22,14.74
2011-2-23,14.99
2011-2-24,14.9
2011-2-25,14.95
2011-2-26,14.98
2011-3-1,15.03
2011-3-2,14.95
2011-3-3,15.1
2011-3-4,14.85
2011-3-5,15.44
2011-3-8,14.9
2011-3-9,14.9
2011-3-10,14.9
2011-3-11,15.43
2011-3-12,15.42
2011-3-15,15.03
2011-3-16,16.3
2011-3-17,16.4
2011-3-18,16.23
2011-3-19,16.1
2011-3-22,16.1
2011-3-23,16.1
2011-3-24,16.25
2011-3-25,16.05
2011-3-26,16.4
2011-3-29,16.55
2011-3-30,16.4
2011-3-31,16.2
2011-4-1,16.45
2011-4-2,16.83
2011-4-5,16.59
2011-4-6,16.28
2011-4-7,16.43
2011-4-8,16.45
2011-4-9,16.43
2011-4-12,16.18
2011-4-13,16.15
2011-4-14,16.03
2011-4-15,16.1
2011-4-16,16.45
2011-4-19,16.17
2011-4-20,16.11
2011-4-21,16.2
2011-4-22,16.21
2011-4-27,16.1
2011-4-28,16.23
2011-4-29,16.49
2011-4-30,16.39
2011-5-3,16.5
2011-5-4,16.7
2011-5-5,16.73
2011-5-6,16.69
2011-5-7,16.45
2011-5-10,16.6
2011-5-11,16.59
2011-5-12,16.57
2011-5-13,16.41
2011-5-14,16.46
2011-5-17,16.4
2011-5-18,16.43
2011-5-19,16.17
2011-5-20,16.18
2011-5-21,16.03
2011-5-24,15.88
2011-5-25,15.98
2011-5-26,15.85
2011-5-27,16.02
2011-5-28,16.41
2011-5-31,16.83
2011-6-1,16.84
2011-6-2,16.63
2011-6-4,16.51
2011-6-7,16.45
2011-6-8,16.38
2011-6-9,16.22
2011-6-10,16.37
2011-6-11,16.31
2011-6-15,16.15
2011-6-16,16.03
2011-6-17,15.83
2011-6-18,15.34
2011-6-21,14.98
2011-6-22,14.54
2011-6-23,14.53
2011-6-24,13.25
2011-6-25,12.35
2011-6-28,12.82
2011-6-29,13.36
2011-6-30,13.03
2011-7-1,13.3
2011-7-2,13.13
2011-7-5,13.17
2011-7-6,13.4
2011-7-7,13.08
2011-7-8,12.87
2011-7-9,12.5
2011-7-12,11.89
2011-7-13,12.24
2011-7-14,11.84
2011-7-15,12.15
2011-7-16,12.27
2011-7-19,12.04
2011-7-20,12.18
2011-7-21,12.56
2011-7-22,12.92
2011-7-23,12.78
2011-7-26,12.74
2011-7-27,12.68
2011-7-28,12.25
2011-7-29,12.33
2011-7-30,12.09
2011-8-2,11.9
2011-8-3,11.55
2011-8-4,11.24
2011-8-5,11.17
2011-8-6,10.76
2011-8-9,10.57
2011-8-10,11.22
2011-8-11,11.43
2011-8-12,12.1
2011-8-13,12.28
2011-8-16,12.34
2011-8-17,12.19
2011-8-18,12.64
2011-8-19,12.18
2011-8-20,12.32
2011-8-23,12.4
2011-8-24,12.7
2011-8-25,13.02
2011-8-26,12.84
2011-8-27,13.02
2011-8-30,13.05
2011-8-31,13.25
2011-9-1,12.81
2011-9-2,12.71
2011-9-3,12.42
2011-9-6,12.26
2011-9-7,12.04
2011-9-8,12.29
2011-9-9,12.15
2011-9-10,11.76
2011-9-13,11.76
2011-9-14,11.89
2011-9-15,12.06
2011-9-16,12.23
2011-9-17,12.01
2011-9-20,11.7
2011-9-21,11.78
2011-9-22,11.69
2011-9-23,11.24
2011-9-24,11.3
2011-9-27,10.75
2011-9-28,10.71
2011-9-29,10.39
2011-9-30,10.81
2011-10-1,10.61
2011-10-5,10.03
2011-10-6,10.12
2011-10-7,10.4
2011-10-8,10.37
2011-10-11,10.64
2011-10-12,10.6
2011-10-13,10.63
2011-10-14,10.21
2011-10-15,10.32
2011-10-18,10.27
2011-10-19,10.22
2011-10-20,9.95
2011-10-21,10.11
2011-10-22,10.3
2011-10-25,10.45
2011-10-26,10.34
2011-10-27,10.06
2011-10-28,10.35
2011-10-29,10.34
2011-11-1,10.11
2011-11-2,9.84
2011-11-3,9.45
2011-11-4,9.63
2011-11-5,9.36
2011-11-8,9.74
2011-11-9,10.03
2011-11-10,9.83
2011-11-11,9.68
2011-11-12,10.07
2011-11-15,10.03
2011-11-16,10.05
2011-11-17,9.84
2011-11-18,9.64
2011-11-19,9.31
2011-11-22,8.88
2011-11-23,9.07
2011-11-24,8.43
2011-11-25,7.86
2011-11-26,7.72
2011-11-29,7.96
2011-11-30,7.86
2011-12-1,8.31
2011-12-2,7.97
2011-12-3,7.8
2011-12-6,7.4
2011-12-7,7.4
2011-12-8,7.18
2011-12-9,7.66
2011-12-10,7.81
2011-12-13,7.5
2011-12-14,7.05
2011-12-15,6.5
2011-12-16,6.78
2011-12-17,6.8
2011-12-20,7.05
2011-12-21,8.5
2011-12-22,7.96
2011-12-23,7.66
2011-12-24,7.67
2011-12-28,7.75
2011-12-29,7.39
2011-12-30,6.9
2011-12-31,6.76
2012-1-3,6.76
2012-1-4,6.26
2012-1-5,6.23
2012-1-6,6.5
2012-1-7,6.29
2012-1-10,6.4
2012-1-11,6.84
2012-1-12,6.77
2012-1-13,6.9
2012-1-14,6.73
2012-1-17,6.46
2012-1-18,6.47
2012-1-19,6.59
2012-1-20,7.06
2012-1-21,7.01
2012-1-24,6.87
2012-1-25,7.35
2012-1-26,7.38
2012-1-27,7.42
2012-1-28,7.87
2012-1-31,7.67
2012-2-1,7.82
2012-2-2,8.25
2012-2-3,8.53
2012-2-4,8.3
2012-2-7,8.5
2012-2-8,8.53
2012-2-9,8.14
2012-2-10,7.83
2012-2-11,7.72
2012-2-14,7.45
2012-2-15,7.89
2012-2-16,8.15
2012-2-17,8.79
2012-2-18,9.05
2012-2-21,8.53
2012-2-22,8.97
2012-2-23,8.94
2012-2-24,8.63
2012-2-25,9.19
2012-2-28,9.31
2012-2-29,8.84
2012-3-1,8.33
2012-3-2,8.64
2012-3-3,8.83
2012-3-6,8.64
2012-3-7,8.31
2012-3-8,8.36
2012-3-9,8.22
2012-3-10,7.88
2012-3-13,7.64
2012-3-14,7.6
2012-3-15,7.9
2012-3-16,7.65
2012-3-17,7.59
2012-3-20,7.59
2012-3-21,7.17
2012-3-22,7.29
2012-3-23,6.71
2012-3-24,6.87
2012-3-27,6.83
2012-3-28,7.12
2012-3-29,7.05
2012-3-30,6.73
2012-3-31,6.98
2012-4-3,6.22
2012-4-4,6.35
2012-4-5,6.06
2012-4-6,6.68
2012-4-11,6.77
2012-4-12,6.93
2012-4-13,7.06
2012-4-14,7.15
2012-4-17,6.79
2012-4-18,7.05
2012-4-19,7.19
2012-4-20,7.32
2012-4-21,7.32
2012-4-24,7.07
2012-4-25,7.09
2012-4-26,7.03
2012-4-27,7.22
2012-4-28,7.25
2012-5-1,7.52
2012-5-3,7.14
2012-5-4,7.04
2012-5-5,6.6
2012-5-8,6.65
2012-5-9,6.73
2012-5-10,6.67
2012-5-11,6.66
2012-5-12,6.75
2012-5-15,6.59
2012-5-16,6.45
2012-5-17,6.49
2012-5-19,6.37
2012-5-22,6.61
2012-5-23,6.89
2012-5-24,6.69
2012-5-25,6.79
2012-5-26,6.81
2012-5-30,6.53
2012-5-31,6.39
2012-6-1,6.27
2012-6-2,6.36
2012-6-5,6.41
2012-6-6,6.36
2012-6-7,6.35
2012-6-8,6.35
2012-6-9,6.47
2012-6-12,6.57
2012-6-13,6.63
2012-6-14,6.7
2012-6-15,6.65
2012-6-16,6.65
2012-6-19,7.32
2012-6-20,7.5
2012-6-21,7.4
2012-6-22,7.45
2012-6-23,8.06
2012-6-26,7.94
2012-6-27,7.96
2012-6-28,7.88
2012-6-29,7.89
2012-6-30,8.19
2012-7-3,8.03
2012-7-4,8.24
2012-7-5,8.22
2012-7-6,8.28
2012-7-7,7.97
2012-7-10,7.92
2012-7-11,7.88
2012-7-12,7.83
2012-7-13,7.61
2012-7-14,7.56
2012-7-17,7.48
2012-7-18,7.63
2012-7-19,7.11
2012-7-20,6.81
2012-7-21,7.03
2012-7-24,7.09
2012-7-25,7.13
2012-7-26,6.79
2012-7-27,6.93
2012-7-28,6.85
2012-7-31,6.54
2012-8-1,6.88
2012-8-2,6.94
2012-8-3,7.03
2012-8-4,7.12
2012-8-7,7.18
2012-8-8,7.28
2012-8-9,7.18
2012-8-10,7.14
2012-8-11,7.18
2012-8-14,7.44
2012-8-15,7.59
2012-8-16,7.45
2012-8-17,7.66
2012-8-18,7.65
2012-8-21,7.6
2012-8-22,7.87
2012-8-23,7.98
2012-8-24,8.11
2012-8-25,8.12
2012-8-28,8.11
2012-8-29,7.91
2012-8-30,7.64
2012-8-31,7.6
2012-9-1,7.92
2012-9-4,8.21
2012-9-5,8.16
2012-9-6,8.21
2012-9-7,8.21
2012-9-8,8.28
2012-9-11,7.85
2012-9-12,7.7
2012-9-13,7.88
2012-9-14,7.74
2012-9-15,7.37
2012-9-18,7.34
2012-9-19,7.41
2012-9-20,7.5
2012-9-21,7.63
2012-9-22,7.39
2012-9-25,7.2
2012-9-26,7.41
2012-9-27,7.58
2012-9-28,7.77
2012-9-29,7.83
2012-10-2,7.88
2012-10-3,7.82
2012-10-5,7.58
2012-10-6,7.74
2012-10-9,7.88
2012-10-10,7.83
2012-10-11,7.72
2012-10-12,7.76
2012-10-13,7.77
2012-10-16,7.65
2012-10-17,7.95
2012-10-18,8.24
2012-10-19,8.04
2012-10-20,7.92
2012-10-23,7.88
2012-10-24,7.85
2012-10-25,7.66
2012-10-26,7.65
2012-10-27,7.85
2012-10-30,8.05
2012-10-31,8.11
2012-11-1,8.2
2012-11-2,8.02
2012-11-3,8.07
2012-11-6,8.23
2012-11-7,8.32
2012-11-8,8.19
2012-11-9,8.25
2012-11-10,8.31
2012-11-13,9.06
2012-11-14,8.37
2012-11-15,7.88
2012-11-16,7.11
2012-11-17,6.86
2012-11-20,6.69
2012-11-21,6.73
2012-11-22,6.73
2012-11-23,6.75
2012-11-24,6.99
2012-11-27,6.79
2012-11-28,6.83
2012-11-29,6.82
2012-11-30,6.58
2012-12-1,6.2
2012-12-4,5.99
2012-12-5,5.71
2012-12-6,6.16
2012-12-7,6.37
2012-12-8,6.76
2012-12-11,7.07
2012-12-12,6.82
2012-12-13,6.76
2012-12-14,6.65
2012-12-15,6.57
2012-12-18,6.51
2012-12-19,6.69
2012-12-20,7.02
2012-12-21,7.13
2012-12-22,7.01
2012-12-28,6.9
2012-12-29,6.53
2013-1-3,6.47
2013-1-4,6.18
2013-1-5,6.18
2013-1-8,6.46
2013-1-9,6.27
2013-1-10,6.05
2013-1-11,5.89
2013-1-12,5.73
2013-1-15,5.7
2013-1-16,5.88
2013-1-17,5.46
2013-1-18,5.4
2013-1-19,4.94
2013-1-22,4.8
2013-1-23,5.25
2013-1-24,4.55
2013-1-25,4.25
2013-1-26,4.01
2013-1-29,4.06
2013-1-30,3.88
2013-1-31,3.7
2013-2-1,3.37
2013-2-2,4.16
2013-2-5,4.49
2013-2-6,4.35
2013-2-7,4.06
2013-2-8,4.1
2013-2-9,4.42
2013-2-12,4.37
2013-2-13,4.49
2013-2-14,5.11
2013-2-15,5.15
2013-2-16,5.07
2013-2-19,5.02
2013-2-20,4.58
2013-2-21,4.86
2013-2-22,5.2
2013-2-23,5.07
2013-2-26,4.45
2013-2-27,4.2
2013-2-28,4.36
2013-3-1,4.79
2013-3-2,4.57
2013-3-5,4.53
2013-3-6,4.12
2013-3-7,4.17
2013-3-8,4.22
2013-3-9,4.18
2013-3-12,3.88
2013-3-13,3.65
2013-3-14,3.46
2013-3-15,3.65
2013-3-16,3.71
2013-3-19,3.49
2013-3-20,3.44
2013-3-21,3.9
2013-3-22,4.4
2013-3-23,4.1
2013-3-26,4.43
2013-3-27,4.56
2013-3-28,4.89
2013-3-29,4.82
2013-4-3,4.87
2013-4-4,4.85
2013-4-5,4.95
2013-4-6,5.11
2013-4-9,5.13
2013-4-10,4.73
2013-4-11,4.29
2013-4-12,4.26
2013-4-13,4.67
2013-4-16,4.72
2013-4-17,3.02
2013-4-18,2.68
2013-4-19,2.99
2013-4-20,3.02
2013-4-23,2.83
2013-4-24,3.02
2013-4-25,2.95
2013-4-26,2.92
2013-4-27,3.06
2013-4-30,3.25
2013-5-1,3.08
2013-5-3,3.04
2013-5-4,3.72
2013-5-7,3.84
2013-5-8,3.71
2013-5-9,3.47
2013-5-11,3.32
2013-5-14,3.23
2013-5-15,3.47
2013-5-16,3.61
2013-5-17,3.65
2013-5-18,3.51
2013-5-22,3.52
2013-5-23,3.3
2013-5-24,3.37
2013-5-25,3.53
2013-5-28,3.46
2013-5-29,3.6
2013-5-30,3.73
2013-5-31,3.76
2013-6-1,3.91
2013-6-4,3.89
2013-6-5,3.92
2013-6-6,3.89
2013-6-7,3.96
2013-6-8,4.08
2013-6-11,4.02
2013-6-12,4.16
2013-6-13,4.47
2013-6-14,4.39
2013-6-15,4.74
2013-6-18,4.54
2013-6-19,4.6
2013-6-20,4.33
2013-6-21,4.35
2013-6-22,4.34
2013-6-25,4.11
2013-6-26,4.25
2013-6-27,4.38
2013-6-28,4.4
2013-6-29,4.15
2013-7-2,4.21
2013-7-3,4.25
2013-7-4,4.66
2013-7-5,4.53
2013-7-6,4.24
2013-7-9,4.21
2013-7-10,4.14
2013-7-11,4.02
2013-7-12,4.09
2013-7-13,4.03
2013-7-16,4.01
2013-7-17,4.1
2013-7-18,4.12
2013-7-19,4.11
2013-7-20,4.17
2013-7-23,4.2
2013-7-24,4.25
2013-7-25,4.27
2013-7-26,4.28
2013-7-27,4.29
2013-7-30,4.3
2013-7-31,4.26
2013-8-1,4.3
2013-8-2,4.31
2013-8-3,4.37
2013-8-6,4.4
2013-8-7,4.52
2013-8-8,4.47
2013-8-9,4.51
2013-8-10,4.43
2013-8-13,4.29
2013-8-14,4.29
2013-8-15,4.33
2013-8-16,4.33
2013-8-17,4.34
2013-8-20,4.31
2013-8-21,4.33
2013-8-22,4.32
2013-8-23,4.48
2013-8-24,4.41
2013-8-27,4.43
2013-8-28,4.54
2013-8-29,4.59
2013-8-30,4.58
2013-8-31,4.56
2013-9-3,4.49
2013-9-4,4.39
2013-9-5,4.53
2013-9-6,4.95
2013-9-7,5.45
2013-9-10,5.29
2013-9-11,5.13
2013-9-12,5.25
2013-9-13,5.58
2013-9-14,5.39
2013-9-17,5.46
2013-9-18,5.65
2013-9-19,5.5
2013-9-20,5.33
2013-9-21,5.33
2013-9-24,5.4
2013-9-25,5.37
2013-9-26,5.37
2013-9-27,5.46
2013-9-28,5.37
2013-10-1,5.01
2013-10-2,5.13
2013-10-3,5.26
2013-10-5,5.07
2013-10-8,4.98
2013-10-9,4.85
2013-10-10,4.77
2013-10-11,4.7
2013-10-12,4.58
2013-10-15,4.8
2013-10-16,4.94
2013-10-17,5.32
2013-10-18,5.16
2013-10-19,5.11
2013-10-22,4.57
2013-10-23,4.68
2013-10-24,4.6
2013-10-25,4.55
2013-10-26,4.96
2013-10-29,4.81
2013-10-30,5.07
2013-10-31,4.94
2013-11-1,4.81
2013-11-2,4.58
2013-11-5,4.56
2013-11-6,4.76
2013-11-7,4.76
2013-11-8,4.8
2013-11-9,4.47
2013-11-12,4.55
2013-11-13,4.6
2013-11-14,4.64
2013-11-15,4.58
2013-11-16,4.5
2013-11-19,4.33
2013-11-20,4.41
2013-11-21,4.46
2013-11-22,4.4
2013-11-23,4.4
2013-11-26,4.4
2013-11-27,4.46
2013-11-28,4.44
2013-11-29,4.42
2013-11-30,4.34
2013-12-3,4.48
2013-12-4,4.48
2013-12-5,4.48
2013-12-6,4.64
2013-12-7,4.78
2013-12-10,4.88
2013-12-11,5
2013-12-12,4.88
2013-12-13,4.88
2013-12-14,4.78
2013-12-17,4.64
2013-12-18,4.88
2013-12-19,4.87
2013-12-20,4.96
2013-12-21,4.76
2013-12-24,4.77
2013-12-28,4.91
2013-12-31,4.91
2014-1-3,4.74
2014-1-4,4.71
2014-1-7,4.65
2014-1-8,4.67
2014-1-9,4.6
2014-1-10,4.51
2014-1-11,4.5
2014-1-14,4.61
2014-1-15,4.82
2014-1-16,4.8
2014-1-17,5.07
2014-1-18,5.07
2014-1-21,4.92
2014-1-22,5.02
2014-1-23,5.11
2014-1-24,5.03
2014-1-25,5.25
2014-1-28,5.39
2014-1-29,5.51
2014-1-30,5.49
2014-1-31,5.7
2014-2-1,5.55
2014-2-4,5.82
2014-2-5,5.81
2014-2-6,6.05
2014-2-7,6.44
2014-2-8,6.44
2014-2-11,6.39
2014-2-12,6.23
2014-2-13,6.34
2014-2-14,6.38
2014-2-15,6.57
2014-2-18,6.78
2014-2-19,6.73
2014-2-20,6.9
2014-2-21,6.99
2014-2-22,7.11
2014-2-25,6.98
2014-2-26,6.2
2014-2-27,6.49
2014-2-28,6.5
2014-3-1,7.05
2014-3-4,6.58
2014-3-5,6.8
2014-3-6,6.77
2014-3-7,6.79
2014-3-8,6.91
2014-3-11,6.89
2014-3-12,6.82
2014-3-13,6.49
2014-3-14,6.42
2014-3-15,6.3
2014-3-18,5.88
2014-3-19,5.78
2014-3-20,5.96
2014-3-21,6
2014-3-22,6.17
2014-3-25,5.85
2014-3-26,5.85
2014-3-27,5.79
2014-3-28,5.24
2014-3-29,4.35
2014-4-1,4.63
2014-4-2,5.04
2014-4-3,4.82
2014-4-4,4.82
2014-4-5,4.69
2014-4-8,4.97
2014-4-9,4.86
2014-4-10,4.92
2014-4-11,5.08
2014-4-12,5.23
2014-4-15,5.25
2014-4-16,5.55
2014-4-17,5.42
2014-4-18,5.53
2014-4-23,5.66
2014-4-24,5.67
2014-4-25,5.71
2014-4-26,5.06
2014-4-29,5.19
2014-4-30,5.42
2014-5-1,5.4
2014-5-3,5.17
2014-5-6,5.22
2014-5-7,5.22
2014-5-8,5.12
2014-5-9,5.13
2014-5-10,5.24
2014-5-13,5.3
2014-5-14,5.28
2014-5-15,5.11
2014-5-16,4.77
2014-5-17,4.79
2014-5-20,4.7
2014-5-21,4.84
2014-5-22,5.12
2014-5-23,5.16
2014-5-24,5.11
2014-5-27,5.1
2014-5-28,5.16
2014-5-29,5.18
2014-5-30,5.21
2014-5-31,5.09
2014-6-3,5.15
2014-6-4,5.42
2014-6-5,5.39
2014-6-6,5.51
2014-6-7,5.45
2014-6-10,5.51
2014-6-11,5.48
2014-6-12,5.35
2014-6-13,5.54
2014-6-14,5.65
2014-6-17,5.64
2014-6-18,5.71
2014-6-19,5.66
2014-6-20,5.52
2014-6-21,5.65
2014-6-24,5.78
2014-6-25,5.75
2014-6-26,5.71
2014-6-27,5.71
2014-6-28,5.78
2014-7-1,5.81
2014-7-2,5.98
2014-7-3,6.07
2014-7-4,5.97
2014-7-5,5.63
2014-7-8,5.52
2014-7-9,5.72
2014-7-10,5.78
2014-7-11,5.68
2014-7-12,5.72
2014-7-15,5.87
2014-7-16,5.86
2014-7-17,6.01
2014-7-18,6.13
2014-7-19,5.98
2014-7-22,6.03
2014-7-23,6.13
2014-7-24,6.15
2014-7-25,6.02
2014-7-26,6.13
2014-7-29,6.17
2014-7-30,6.01
2014-7-31,6.1
2014-8-1,6.19
2014-8-2,6.26
2014-8-5,6.24
2014-8-6,6.18
2014-8-7,6.19
2014-8-8,5.94
2014-8-9,5.93
2014-8-12,6.06
2014-8-13,6.04
2014-8-14,6.17
2014-8-15,6.14
2014-8-16,6.36
2014-8-19,6.34
2014-8-20,6.42
2014-8-21,6.38
2014-8-22,6.32
2014-8-23,6.34
2014-8-26,6.31
2014-8-27,6.3
2014-8-28,6.35
2014-8-29,6.43
2014-8-30,6.38
2014-9-2,6.38
2014-9-3,6.38
2014-9-4,6.32
2014-9-5,6.1
2014-9-6,6.22
2014-9-9,6.27
2014-9-10,6.12
2014-9-11,6.07
2014-9-12,6.1
2014-9-13,6.03
2014-9-16,5.92
2014-9-17,5.79
2014-9-18,5.88
2014-9-19,5.98
2014-9-20,6.01
2014-9-23,6
2014-9-24,5.66
2014-9-25,5.81
2014-9-26,5.79
2014-9-27,5.91
2014-9-30,5.76
2014-10-1,5.82
2014-10-2,5.79
2014-10-3,5.66
2014-10-4,5.64
2014-10-7,5.64
2014-10-8,5.7
2014-10-9,6.04
2014-10-10,6.1
2014-10-11,6.02
2014-10-14,6.04
2014-10-15,6.07
2014-10-16,6.14
2014-10-17,6.19
2014-10-18,6.12
2014-10-21,6.1
2014-10-22,6.16
2014-10-23,6.21
2014-10-24,6.32
2014-10-25,6.38
2014-10-28,6.29
2014-10-29,6.17
2014-10-30,6.4
2014-10-31,6.4
2014-11-1,6.33
2014-11-4,6.55
2014-11-5,6.47
2014-11-6,6.63
2014-11-7,6.63
2014-11-8,6.73
2014-11-11,6.7
2014-11-12,6.79
2014-11-13,6.83
2014-11-14,6.78
2014-11-15,6.61
2014-11-18,6.88
2014-11-19,7.02
2014-11-20,7.03
2014-11-21,6.95
2014-11-22,6.98
2014-11-25,7.05
2014-11-26,7.12
2014-11-27,7.17
2014-11-28,7.09
2014-11-29,7.03
2014-12-2,7.07
2014-12-3,6.86
2014-12-4,6.9
2014-12-5,6.84
2014-12-6,6.66
2014-12-9,6.67
2014-12-10,6.74
2014-12-11,6.54
2014-12-12,6.71
2014-12-13,6.66
2014-12-16,6.87
2014-12-17,6.89
2014-12-18,6.97
2014-12-19,7.03
2014-12-20,7.05
2014-12-23,7.09
2014-12-24,7.24
2014-12-30,7.24
2014-12-31,7.2
2015-1-3,7.01
2015-1-6,6.91
2015-1-7,6.78
2015-1-8,6.77
2015-1-9,6.81
2015-1-10,6.71
2015-1-13,6.71
2015-1-14,7.29
2015-1-15,7.17
2015-1-16,7.14
2015-1-17,7.13
2015-1-20,7.22
2015-1-21,7.17
2015-1-22,7.3
2015-1-23,6.79
2015-1-24,6.8
2015-1-27,6.85
2015-1-28,6.83
2015-1-29,6.95
2015-1-30,7.06
2015-1-31,7.08
2015-2-3,7.12
2015-2-4,7.07
2015-2-5,6.91
2015-2-6,7
2015-2-7,6.95
2015-2-10,6.92
2015-2-11,7.08
2015-2-12,7.22
2015-2-13,7.4
2015-2-14,7.63
2015-2-17,7.66
2015-2-18,7.48
2015-2-19,7.5
2015-2-20,7.34
2015-2-21,7.31
2015-2-24,7.67
2015-2-25,7.44
2015-2-26,7.39
2015-2-27,7.07
2015-2-28,7.08
2015-3-3,6.95
2015-3-4,6.74
2015-3-5,6.99
2015-3-6,6.75
2015-3-7,6.81
2015-3-10,6.69
2015-3-11,6.8
2015-3-12,6.75
2015-3-13,6.42
2015-3-14,6.49
2015-3-17,6.48
2015-3-18,6.74
2015-3-19,6.74
2015-3-20,6.68
2015-3-21,7.01
2015-3-24,7.04
2015-3-25,7.05
2015-3-26,6.96
2015-3-27,6.95
2015-3-28,6.79
2015-3-31,6.88
2015-4-1,6.91
2015-4-2,7.15
2015-4-3,7.15
2015-4-8,7.1
2015-4-9,7.12
2015-4-10,7.02
2015-4-11,6.98
2015-4-14,6.8
2015-4-15,6.8
2015-4-16,6.86
2015-4-17,6.89
2015-4-18,6.82
2015-4-21,7.12
2015-4-22,7.08
2015-4-23,7.1
2015-4-24,7.26
2015-4-25,7.28
2015-4-28,7.18
2015-4-29,7.35
2015-4-30,7.47
2015-5-1,7.39
2015-5-5,7.61
2015-5-6,7.57
2015-5-7,7.54
2015-5-8,7.43
2015-5-9,7.54
2015-5-12,7.62
2015-5-13,7.63
2015-5-14,7.61
2015-5-15,7.56
2015-5-16,7.58
2015-5-19,7.6
2015-5-20,7.39
2015-5-21,7.35
2015-5-22,7.31
2015-5-23,7.28
2015-5-27,7.23
2015-5-28,7.18
2015-5-29,7.19
2015-5-30,7.31
2015-6-2,7.24
2015-6-3,7.44
2015-6-4,7.49
2015-6-5,7.4
2015-6-6,7.41
2015-6-9,7.46
2015-6-10,7.57
2015-6-11,7.58
2015-6-12,7.52
2015-6-13,7.59
2015-6-16,7.53
2015-6-17,7.42
2015-6-18,7.46
2015-6-19,7.45
2015-6-20,7.41
2015-6-23,7.48
2015-6-24,7.49
2015-6-25,7.47
2015-6-26,7.57
2015-6-27,7.52
2015-6-30,7.36
2015-7-1,7.44
2015-7-2,7.47
2015-7-3,7.43
2015-7-4,7.43
2015-7-7,7.36
2015-7-8,7.44
2015-7-9,7.47
2015-7-10,7.45
2015-7-11,7.58
2015-7-14,7.75
2015-7-15,7.7
2015-7-16,7.75
2015-7-17,7.64
2015-7-18,7.7
2015-7-21,7.96
2015-7-22,7.92
2015-7-23,7.93
2015-7-24,8.07
2015-7-25,7.98
2015-7-28,7.99
2015-7-29,7.99
2015-7-30,8.04
2015-7-31,7.87
2015-8-1,7.87
2015-8-4,7.93
2015-8-5,7.89
2015-8-6,7.81
2015-8-7,7.84
2015-8-8,7.76
2015-8-11,7.89
2015-8-12,8.07
2015-8-13,8.16
2015-8-14,8.17
2015-8-15,8.32
2015-8-18,8.23
2015-8-19,8.24
2015-8-20,8.3
2015-8-21,8.37
2015-8-22,8.19
2015-8-25,8.16
2015-8-26,8.22
2015-8-27,8.09
2015-8-28,8.04
2015-8-29,8.08
2015-9-1,8.04
2015-9-2,7.97
2015-9-3,8.09
2015-9-4,8.16
2015-9-5,8.08
2015-9-8,8.07
2015-9-9,8.22
2015-9-10,8.26
2015-9-11,8.28
2015-9-12,8.22
2015-9-15,8.21
2015-9-16,8.17
2015-9-17,8.22
2015-9-18,8.2
2015-9-19,8.1
2015-9-22,7.98
2015-9-23,8
2015-9-24,8.05
2015-9-25,7.99
2015-9-26,7.98
2015-9-29,7.89
2015-9-30,7.94
2015-10-1,8.13
2015-10-2,8.14
2015-10-3,8.11
2015-10-6,8.18
2015-10-7,8.19
2015-10-8,8.09
2015-10-9,8.11
2015-10-10,8.32
2015-10-13,8.29
2015-10-14,8.33
2015-10-15,8.42
2015-10-16,8.42
2015-10-17,8.38
2015-10-20,8.34
2015-10-21,8.44
2015-10-22,8.43
2015-10-23,8.47
2015-10-24,8.6
2015-10-27,8.64
2015-10-28,8.59
2015-10-29,8.56
2015-10-30,8.65
2015-10-31,8.64
2015-11-3,8.58
2015-11-4,8.44
2015-11-5,8.38
2015-11-6,8.45
2015-11-7,8.39
2015-11-10,8.32
2015-11-11,8.42
2015-11-12,8.43
2015-11-13,8.36
2015-11-14,8.38
2015-11-17,8.5
2015-11-18,8.58
2015-11-19,8.58
2015-11-20,8.62
2015-11-21,8.51
2015-11-24,8.56
2015-11-25,8.65
2015-11-26,8.62
2015-11-27,8.58
2015-11-28,8.56
2015-12-1,8.58
2015-12-2,8.55
2015-12-3,8.49
2015-12-4,8.58
2015-12-5,8.52
2015-12-8,8.42
2015-12-9,8.42
2015-12-10,8.4
2015-12-11,8.36
2015-12-12,8.07
2015-12-15,8.09
2015-12-16,8.19
2015-12-17,8.12
2015-12-18,8.07
2015-12-19,8.07
2015-12-22,8.18
2015-12-23,8.25
2015-12-24,8.22
2015-12-29,8.32
2015-12-30,8.27
2015-12-31,8.22
2016-1-5,8.05
2016-1-6,8
2016-1-7,7.76
2016-1-8,7.53
2016-1-9,7.42
2016-1-12,7.14
2016-1-13,7.1
2016-1-14,7.25
2016-1-15,7.08
2016-1-16,6.68
2016-1-19,6.71
2016-1-20,6.81
2016-1-21,6.31
2016-1-22,6.18
2016-1-23,6.31
2016-1-26,5.88
2016-1-27,6.06
2016-1-28,5.89
2016-1-29,6.05
2016-1-30,6.03
2016-2-2,5.68
2016-2-3,5.79
2016-2-4,5.61
2016-2-5,5.6
2016-2-6,5.54
2016-2-9,5.23
2016-2-10,4.94
2016-2-11,4.87
2016-2-12,4.72
2016-2-13,5.05
2016-2-16,4.8
2016-2-17,4.68
2016-2-18,5.08
2016-2-19,5.24
2016-2-20,5.15
2016-2-23,5.39
2016-2-24,4.88
2016-2-25,4.86
2016-2-26,5.05
2016-2-27,4.98
2016-3-1,4.98
2016-3-2,4.97
2016-3-3,4.95
2016-3-4,4.87
2016-3-5,4.9
2016-3-8,5.08
2016-3-9,5
2016-3-10,5.08
2016-3-11,4.9
2016-3-12,4.97
2016-3-15,4.87
2016-3-16,4.85
2016-3-17,4.97
2016-3-18,5
2016-3-19,4.94
2016-3-22,4.86
2016-3-23,4.82
2016-3-24,4.8
2016-3-25,4.84
2016-3-30,4.77
2016-3-31,4.95
2016-4-1,5.2
2016-4-2,5.18
2016-4-5,5.3
2016-4-6,5.21
2016-4-7,5.3
2016-4-8,5.26
2016-4-9,5.4
2016-4-12,5.56
2016-4-13,5.57
2016-4-14,5.52
2016-4-15,5.59
2016-4-16,5.48
2016-4-19,5.46
2016-4-20,5.55
2016-4-21,5.53
2016-4-22,5.73
2016-4-23,5.96
2016-4-26,5.9
2016-4-27,6.6
2016-4-28,6.84
2016-4-29,6.33
2016-4-30,6.16
2016-5-3,6.07
2016-5-4,5.96
2016-5-5,6.12
2016-5-6,6.2
2016-5-7,5.85
2016-5-10,5.69
2016-5-11,5.89
2016-5-12,5.99
2016-5-13,5.8
2016-5-14,5.81
2016-5-17,6.07
2016-5-18,6.03
2016-5-19,6.04
2016-5-20,5.97
2016-5-21,5.95
2016-5-24,5.72
2016-5-25,5.78
2016-5-26,5.85
2016-5-27,6.01
2016-5-28,6.03
2016-5-31,6.1
2016-6-1,6.09
2016-6-2,5.95
2016-6-3,6.01
2016-6-4,5.93
2016-6-7,6.2
2016-6-8,6.11
2016-6-9,6.1
2016-6-10,6.1
2016-6-11,5.94
2016-6-14,5.86
2016-6-15,5.86
2016-6-16,5.9
2016-6-17,5.7
2016-6-18,5.65
2016-6-21,5.85
2016-6-22,5.56
2016-6-23,5.66
2016-6-24,5.64
2016-6-25,4.96
2016-6-28,4.77
2016-6-29,4.69
2016-6-30,4.51
2016-7-1,4.46
2016-7-2,4.6
2016-7-5,4.95
2016-7-6,4.71
2016-7-7,4.57
2016-7-8,4.57
2016-7-9,4.54
2016-7-12,4.42
2016-7-13,4.62
2016-7-14,4.76
2016-7-15,4.77
2016-7-16,4.92
2016-7-19,4.84
2016-7-20,4.67
2016-7-21,4.67
2016-7-22,4.64
2016-7-23,4.56
2016-7-26,4.59
2016-7-27,4.52
2016-7-28,4.52
2016-7-29,4.48
2016-7-30,4.41
2016-8-2,4.37
2016-8-3,4.4
2016-8-4,4.61
2016-8-5,4.69
2016-8-6,4.72
2016-8-9,4.93
2016-8-10,4.88
2016-8-11,4.77
2016-8-12,4.88
2016-8-13,4.89
2016-8-16,4.79
2016-8-17,4.68
2016-8-18,4.49
2016-8-19,4.66
2016-8-20,4.75
2016-8-23,4.88
2016-8-24,4.7
2016-8-25,4.59
2016-8-26,4.7
2016-8-27,4.7
2016-8-30,4.69
2016-8-31,4.56
2016-9-1,4.46
2016-9-2,4.38
2016-9-3,4.09
2016-9-6,3.91
2016-9-7,4.14
2016-9-8,4.01
2016-9-9,4.07
2016-9-10,4.08
2016-9-13,4.04
2016-9-14,4.03
2016-9-15,3.99
2016-9-16,4.14
2016-9-17,4.35
2016-9-20,4.4
2016-9-21,4.17
2016-9-22,4.21
2016-9-23,4.43
2016-9-24,4.55
2016-9-27,4.63
2016-9-28,4.44
2016-9-29,4.96
2016-9-30,5.02
2016-10-1,4.97
2016-10-4,5.31
2016-10-5,5.19
2016-10-6,5.48
2016-10-7,5.86
2016-10-8,5.69
2016-10-11,5.67
2016-10-12,5.42
2016-10-13,5.52
2016-10-14,5.66
2016-10-15,5.81
2016-10-18,5.87
2016-10-19,5.95
2016-10-20,5.67
2016-10-21,5.57
2016-10-22,5.9
2016-10-25,5.8
2016-10-26,5.8
2016-10-27,5.94
2016-10-28,5.79
2016-10-29,5.87
2016-11-1,5.9
2016-11-2,6.03
2016-11-3,6.23
2016-11-4,6.51
2016-11-5,6.4
2016-11-8,6.22
2016-11-9,6.14
2016-11-10,6.12
2016-11-11,5.92
2016-11-12,5.68
2016-11-15,5.4
2016-11-16,5.73
2016-11-17,5.55
2016-11-18,5.9
2016-11-19,5.57
2016-11-22,5.49
2016-11-23,5.51
2016-11-24,5.39
2016-11-25,5.33
2016-11-26,5.02
2016-11-29,4.73
2016-11-30,4.56
2016-12-1,4.58
2016-12-2,4.46
2016-12-3,4.29
2016-12-6,4.37
2016-12-7,4.5
2016-12-8,4.3
2016-12-9,4.37
2016-12-10,4.48
2016-12-13,4.87
2016-12-14,4.8
2016-12-15,5
2016-12-16,4.83
2016-12-17,4.95
2016-12-20,5.09
2016-12-21,5.25
2016-12-22,5.81
2016-12-23,6.07
2016-12-24,6.31
2016-12-28,6.31
2016-12-29,6.32
2016-12-30,6.34
2016-12-31,6.55
2017-1-3,6.13
2017-1-4,5.43
2017-1-5,5.7
2017-1-6,5.28
2017-1-7,5.03
2017-1-10,5.26
2017-1-11,5.49
2017-1-12,5.52
2017-1-13,5.03
2017-1-14,5.03
2017-1-17,4.69
2017-1-18,5
2017-1-19,4.84
2017-1-20,5.18
2017-1-21,5.42
2017-1-24,5.31
2017-1-25,5.08
2017-1-26,4.99
2017-1-27,5.18
2017-1-28,4.93
2017-1-31,5.15
2017-2-1,5.34
2017-2-2,5.27
2017-2-3,5.22
2017-2-4,5.16
2017-2-7,5.1
2017-2-8,5.16
2017-2-9,5.21
2017-2-10,5.28
2017-2-11,5.12
2017-2-14,4.9
2017-2-15,5.12
2017-2-16,5.05
2017-2-17,4.93
2017-2-18,4.97
2017-2-21,5.08
2017-2-22,5.04
2017-2-23,5.06
2017-2-24,5.33
2017-2-25,5.37
2017-2-28,5.19
2017-3-1,5.2
2017-3-2,5.9
2017-3-3,5.46
2017-3-4,5.58
2017-3-7,5.49
2017-3-8,5.38
2017-3-9,5.24
2017-3-10,5.13
2017-3-11,5.15
2017-3-14,5.15
2017-3-15,5.1
2017-3-16,5.19
2017-3-17,5.14
2017-3-18,5.12
2017-3-21,4.98
2017-3-22,4.93
2017-3-23,4.96
2017-3-24,4.96
2017-3-25,4.76
2017-3-28,4.63
2017-3-29,4.73
2017-3-30,4.75
2017-3-31,4.91
2017-4-1,4.67
2017-4-4,4.84
2017-4-5,4.64
2017-4-6,4.82
2017-4-7,5.05
2017-4-8,4.89
2017-4-11,4.78
2017-4-12,4.85
2017-4-13,4.93
2017-4-14,4.95
2017-4-19,4.86
2017-4-20,4.83
2017-4-21,4.75
2017-4-22,4.57
2017-4-25,4.64
2017-4-26,4.49
2017-4-27,4.61
2017-4-28,4.55
2017-4-29,4.57
2017-5-3,4.44
2017-5-4,4.39
2017-5-5,4.52
2017-5-6,4.58
2017-5-9,4.41
2017-5-10,4.51
2017-5-11,4.44
2017-5-12,4.35
2017-5-13,4.45
2017-5-16,4.38
2017-5-17,4.53
2017-5-18,4.57
2017-5-19,4.76
2017-5-20,4.85
2017-5-23,4.91
2017-5-24,4.74
2017-5-25,4.91
2017-5-26,4.98
2017-5-27,5.17
2017-5-30,5.16
2017-5-31,5.14
2017-6-1,4.97
2017-6-2,5.08
2017-6-3,5.15
2017-6-6,5.17
2017-6-7,4.96
2017-6-8,4.87
2017-6-9,5.05
2017-6-10,5.03
2017-6-13,4.92
2017-6-14,5
2017-6-15,4.92
2017-6-16,4.95
2017-6-17,4.87
2017-6-20,4.92
2017-6-21,4.94
2017-6-22,4.88
2017-6-23,4.86
2017-6-24,4.87
2017-6-27,4.78
2017-6-28,4.93
2017-6-29,4.93
2017-6-30,5.07
2017-7-1,5.03
2017-7-4,5.13
2017-7-5,5.11
2017-7-6,5.04
2017-7-7,5.23
2017-7-8,5.34
2017-7-11,5.39
2017-7-12,5.31
2017-7-13,5.47
2017-7-14,5.35
2017-7-15,5.41
2017-7-18,5.42
2017-7-19,5.45
2017-7-20,5.39
2017-7-21,5.29
2017-7-22,5.08
2017-7-25,5.13
2017-7-26,5.16
2017-7-27,5.25
2017-7-28,5.13
2017-7-29,5.17
2017-8-1,5.22
2017-8-2,5.28
2017-8-3,5.41
2017-8-4,5.41
2017-8-5,5.35
2017-8-8,5.26
2017-8-9,5.27
2017-8-10,5.36
2017-8-11,5.36
2017-8-12,5.37
2017-8-15,5.5
2017-8-16,5.52
2017-8-17,5.78
2017-8-18,5.79
2017-8-19,5.81
2017-8-22,5.74
2017-8-23,5.76
2017-8-24,5.93
2017-8-25,5.93
2017-8-26,6.06
2017-8-29,6.09
2017-8-30,6.02
2017-8-31,6.01
2017-9-1,5.93
2017-9-2,5.82
2017-9-5,5.92
2017-9-6,6.49
2017-9-7,6.7
2017-9-8,6.89
2017-9-9,7.06
2017-9-12,6.86
2017-9-13,6.83
2017-9-14,7.09
2017-9-15,7.1
2017-9-16,6.93
2017-9-19,6.72
2017-9-20,7.01
2017-9-21,6.88
2017-9-22,6.56
2017-9-23,6.64
2017-9-26,7.28
2017-9-27,6.97
2017-9-28,6.91
2017-9-29,6.96
2017-9-30,7.06
2017-10-3,6.93
2017-10-4,6.99
2017-10-5,6.89
2017-10-6,6.87
2017-10-7,6.98
2017-10-10,6.94
2017-10-11,7.36
2017-10-12,7.35
2017-10-13,7.4
2017-10-14,7.32
2017-10-17,7.36
2017-10-18,7.4
2017-10-19,7.79
2017-10-20,7.64
2017-10-21,7.57
2017-10-24,7.44
2017-10-25,7.46
2017-10-26,7.39
2017-10-27,7.2
2017-10-28,7.16
2017-10-31,7.14
2017-11-1,7.38
2017-11-2,7.49
2017-11-3,7.67
2017-11-4,7.87
2017-11-7,7.92
2017-11-8,7.76
2017-11-9,7.7
2017-11-10,7.55
2017-11-11,7.4
2017-11-14,7.34
2017-11-15,7.38
2017-11-16,7.68
2017-11-17,7.51
2017-11-18,7.49
2017-11-21,7.43
2017-11-22,7.4
2017-11-23,7.37
2017-11-24,7.64
2017-11-25,7.75
2017-11-28,7.7
2017-11-29,7.59
2017-11-30,7.7
2017-12-1,7.53
2017-12-2,7.68
2017-12-5,7.54
2017-12-6,7.43
2017-12-7,7.28
2017-12-8,7.35
2017-12-9,7.15
2017-12-12,7.21
2017-12-13,7.15
2017-12-14,7.07
2017-12-15,7.09
2017-12-16,7.18
2017-12-19,7.39
2017-12-20,7.5
2017-12-21,7.77
2017-12-22,7.98
2017-12-23,8.15
2017-12-28,8.14
2017-12-29,8.17
2017-12-30,8.09
2018-1-3,7.77
2018-1-4,7.8
2018-1-5,7.74
2018-1-6,7.75
2018-1-9,7.62
2018-1-10,7.75
2018-1-11,7.85
2018-1-12,7.78
2018-1-13,7.83
2018-1-16,7.75
2018-1-17,8.01
2018-1-18,8.15
2018-1-19,8.47
2018-1-20,8.73
2018-1-23,8.72
2018-1-24,8.98
2018-1-25,9.43
2018-1-26,9.21
2018-1-27,9.05
2018-1-30,8.97
2018-1-31,8.85
2018-2-1,9.23
2018-2-2,9.23
2018-2-3,8.92
2018-2-6,9.04
2018-2-7,8.78
2018-2-8,8.97
2018-2-9,9.09
2018-2-10,9.21
2018-2-13,9.45
2018-2-14,9.87
2018-2-15,9.58
2018-2-16,9.52
2018-2-17,9.48
2018-2-20,9.85
2018-2-21,9.7
2018-2-22,9.53
2018-2-23,9.69
2018-2-24,9.78
2018-2-27,9.6
2018-2-28,10.13
2018-3-1,10.07
2018-3-2,9.97
2018-3-3,10.1
2018-3-6,10.32
2018-3-7,10.44
2018-3-8,10.61
2018-3-9,11.08
2018-3-10,11.09
2018-3-13,11.06
2018-3-14,11.38
2018-3-15,11.17
2018-3-16,11.16
2018-3-17,11.14
2018-3-20,11.04
2018-3-21,11.52
2018-3-22,12.62
2018-3-23,12.3
2018-3-24,12.58
2018-3-27,12.95
2018-3-28,13.64
2018-3-29,12.96
2018-3-30,13.25
2018-4-4,13.28
2018-4-5,13.02
2018-4-6,12.61
2018-4-7,12.95
2018-4-10,13.3
2018-4-11,13.34
2018-4-12,13.39
2018-4-13,13.56
2018-4-14,13.9
2018-4-17,13.96
2018-4-18,13.7
2018-4-19,13.84
2018-4-20,13.41
2018-4-21,13
2018-4-24,12.85
2018-4-25,13.17
2018-4-26,13.21
2018-4-27,13.44
2018-4-28,13.51
2018-5-1,13.54
2018-5-3,13.02
2018-5-4,12.92
2018-5-5,12.99
2018-5-8,13.57
2018-5-9,13.54
2018-5-10,13.96
2018-5-11,14.56
2018-5-12,14.61
2018-5-15,14.62
2018-5-16,14.29
2018-5-17,15.14
2018-5-18,15.27
2018-5-19,15.22
2018-5-22,15.53
2018-5-23,15.93
2018-5-24,15.98
2018-5-25,16.26
2018-5-26,15.97
2018-5-29,16.28
2018-5-30,16.27
2018-5-31,15.82
2018-6-1,14.89
2018-6-2,15.27
2018-6-5,16.1
2018-6-6,15.73
2018-6-7,15.89
2018-6-8,15.97
2018-6-9,15.78
2018-6-12,15.45
2018-6-13,15.1
2018-6-14,15.28
2018-6-15,14.89
2018-6-16,14.51
2018-6-19,14.58
2018-6-20,14.22
2018-6-21,14.46
2018-6-22,14.79
2018-6-23,15.08
2018-6-26,15
2018-6-27,14.99
2018-6-28,15.22
2018-6-29,14.97
2018-6-30,14.95
2018-7-3,15.03
2018-7-4,15.06
2018-7-5,15.49
2018-7-6,15.65
2018-7-7,15.67
2018-7-10,15.97
2018-7-11,16.03
2018-7-12,16.28
2018-7-13,16.05
2018-7-14,16.02
2018-7-17,15.9
2018-7-18,16.03
2018-7-19,16.38
2018-7-20,16.83
2018-7-21,17.02
2018-7-24,17.35
2018-7-25,17.06
2018-7-26,17.29
2018-7-27,17.24
2018-7-28,17.08
2018-7-31,17.01
2018-8-1,17.35
2018-8-2,17.74
2018-8-3,17.6
2018-8-4,17.63
2018-8-7,17.54
2018-8-8,17.48
2018-8-9,17.35
2018-8-10,17.55
2018-8-11,17.84
2018-8-14,18.01
2018-8-15,18.08
2018-8-16,18.05
2018-8-17,17.95
2018-8-18,18.1
2018-8-21,18.44
2018-8-22,19.26
2018-8-23,19.76
2018-8-24,20.35
2018-8-25,20.63
2018-8-28,21.25
2018-8-29,20.64
2018-8-30,21.01
2018-8-31,21.12
2018-9-1,21.04
2018-9-4,20.11
2018-9-5,20.13
2018-9-6,20.32
2018-9-7,21.42
2018-9-8,23.17
2018-9-11,25.19
2018-9-12,24.11
2018-9-13,22.91
2018-9-14,18.86
2018-9-15,19.93
2018-9-18,20.92
2018-9-19,20.19
2018-9-20,21.43
2018-9-21,21.98
2018-9-22,22.08
2018-9-25,22.37
2018-9-26,21.18
2018-9-27,20.19
2018-9-28,20.77
2018-9-29,21.15
2018-10-2,21.31
2018-10-3,20.93
2018-10-4,21.13
2018-10-5,21.29
2018-10-6,22.11
2018-10-9,21.87
2018-10-10,20.75
2018-10-11,19.43
2018-10-12,19.85
2018-10-13,20.36
2018-10-16,18.58
2018-10-17,19.28
2018-10-18,19.24
2018-10-19,19.73
2018-10-20,19.7
2018-10-23,19
2018-10-24,19.23
2018-10-25,19.61
2018-10-26,19.07
2018-10-27,18.27
2018-10-30,16.68
2018-10-31,16.02
2018-11-1,16.37
2018-11-2,15.62
2018-11-3,17.07
2018-11-6,17.23
2018-11-7,17.56
2018-11-8,18.6
2018-11-9,19.57
2018-11-10,19.5
2018-11-13,20.49
2018-11-14,20.14
2018-11-15,19.74
2018-11-16,18.98
2018-11-17,19.1
2018-11-20,18.94
2018-11-21,19.45
2018-11-22,20.49
2018-11-23,20.91
2018-11-24,20.19
2018-11-27,19.82
2018-11-28,19.61
2018-11-29,19.29
2018-11-30,20.02
2018-12-1,20.49
2018-12-4,20.64
2018-12-5,20.73
2018-12-6,19.68
2018-12-7,19.99
2018-12-8,20.3
2018-12-11,20.86
2018-12-12,20.16
2018-12-13,21.47
2018-12-14,22.32
2018-12-15,23.38
2018-12-18,24.26
2018-12-19,23.99
2018-12-20,24.32
2018-12-21,24.16
2018-12-22,24.59
2018-12-28,24.66
2018-12-29,24.63
2019-1-3,25.02
2019-1-4,23.04
2019-1-5,23.49
2019-1-8,22.07
2019-1-9,22.65
2019-1-10,21.86
2019-1-11,21.93
2019-1-12,22.59
2019-1-15,22.4
2019-1-16,22.48
2019-1-17,23.25
2019-1-18,23.48
2019-1-19,24.68
2019-1-22,24.28
2019-1-23,25.01
2019-1-24,24.53
2019-1-25,23.89
2019-1-26,23.76
2019-1-29,22.6
2019-1-30,23.21
2019-1-31,22.86
2019-2-1,22.13
2019-2-2,21.84
2019-2-5,22.92
2019-2-6,23.04
2019-2-7,23.57
2019-2-8,23.34
2019-2-9,22.22
2019-2-12,22.26
2019-2-13,20.56
2019-2-14,20.81
2019-2-15,19.69
2019-2-16,20.29
2019-2-19,19.89
2019-2-20,20.09
2019-2-21,20.35
2019-2-22,18.72
2019-2-23,18.83
2019-2-26,19.15
2019-2-27,19.56
2019-2-28,21.16
2019-3-1,21.59
2019-3-2,22.18
2019-3-5,23.02
2019-3-6,22.81
2019-3-7,22.02
2019-3-8,23.16
2019-3-9,22.92
2019-3-12,22.18
2019-3-13,22.22
2019-3-14,22.16
2019-3-15,22.61
2019-3-16,22.35
2019-3-19,21.71
2019-3-20,21
2019-3-21,21.52
2019-3-22,20.82
2019-3-23,20.57
2019-3-26,20.83
2019-3-27,21.43
2019-3-28,21.73
2019-3-29,22.16
2019-3-30,21.45
2019-4-2,21.81
2019-4-3,21.92
2019-4-4,23.07
2019-4-5,24.33
2019-4-6,24.49
2019-4-9,24.22
2019-4-10,25.45
2019-4-11,26.04
2019-4-12,27.24
2019-4-13,26.5
2019-4-16,26.72
2019-4-17,26.93
2019-4-18,27.38
2019-4-19,26.8
2019-4-24,27.46
2019-4-25,27.33
2019-4-26,27.2
2019-4-27,25.75
2019-4-30,26.3
2019-5-1,26.19
2019-5-3,24.6
2019-5-4,25.11
2019-5-7,25.27
2019-5-8,26.32
2019-5-9,26.81
2019-5-10,26.41
2019-5-11,25.53
2019-5-14,24.96
2019-5-15,25.79
2019-5-16,25.88
2019-5-17,25.5
2019-5-18,24.93
2019-5-21,25.12
2019-5-22,25.31
2019-5-23,26.29
2019-5-24,25.98
2019-5-25,25.41
2019-5-28,25.51
2019-5-29,25.4
2019-5-30,25.45
2019-5-31,25.22
2019-6-1,24.41
2019-6-4,23.66
2019-6-5,24.48
2019-6-6,24.18
2019-6-7,23.91
2019-6-8,24.44
2019-6-11,25.12
2019-6-12,24.92
2019-6-13,24.77
2019-6-14,24.89
2019-6-15,24.99
2019-6-18,24.96
2019-6-19,25.06
2019-6-20,24.9
2019-6-21,25.02
2019-6-22,25.23
2019-6-25,26.31
2019-6-26,26.33
2019-6-27,27.33
2019-6-28,26.84
2019-6-29,26.24
2019-7-2,26.85
2019-7-3,26.66
2019-7-4,26.49
2019-7-5,25.97
2019-7-6,26.32
2019-7-9,26.76
2019-7-10,26.52
2019-7-11,28.15
2019-7-12,28.25
2019-7-13,28.75
2019-7-16,29.03
2019-7-17,28.44
2019-7-18,28.44
2019-7-19,27.73
2019-7-20,28.84
2019-7-23,28.94
2019-7-24,29.76
2019-7-25,29.15
2019-7-26,28.98
2019-7-27,28.26
2019-7-30,28.38
2019-7-31,27.84
2019-8-1,27.93
2019-8-2,29.41
2019-8-3,29.21
2019-8-6,28.65
2019-8-7,28.36
2019-8-8,28.24
2019-8-9,28.49
2019-8-10,28.1
2019-8-13,26.68
2019-8-14,27.09
2019-8-15,26.87
2019-8-16,25.97
2019-8-17,25.94
2019-8-20,26.55
2019-8-21,26.25
2019-8-22,26.02
2019-8-23,25.65
2019-8-24,25.06
2019-8-27,25.81
2019-8-28,25.4
2019-8-29,26
2019-8-30,26.45
2019-8-31,26.31
2019-9-3,25.18
2019-9-4,25.21
2019-9-5,25.51
2019-9-6,25.53
2019-9-7,25.09
2019-9-10,25.02
2019-9-11,26.71
2019-9-12,26.25
2019-9-13,26.41
2019-9-14,26.39
2019-9-17,27.02
2019-9-18,26.19
2019-9-19,25.44
2019-9-20,25.94
2019-9-21,26.52
2019-9-24,25.79
2019-9-25,25.53
2019-9-26,25.2
2019-9-27,25.62
2019-9-28,25.28
2019-10-1,24.72
2019-10-2,25.03
2019-10-3,24.19
2019-10-4,23.23
2019-10-5,22.94
2019-10-8,23.4
2019-10-9,22.52
2019-10-10,22.66
2019-10-11,23.25
2019-10-12,24.45
2019-10-15,24.15
2019-10-16,25.72
2019-10-17,26.31
2019-10-18,26.06
2019-10-19,25.87
2019-10-22,25.93
2019-10-23,25.65
2019-10-24,24.75
2019-10-25,25.43
2019-10-26,24.97
2019-10-29,25.11
2019-10-30,25.45
2019-10-31,25.99
2019-11-1,25.61
2019-11-2,25.28
2019-11-5,25.62
2019-11-6,25.5
2019-11-7,24.78
2019-11-8,24.93
2019-11-9,24.83
2019-11-12,24.92
2019-11-13,24.11
2019-11-14,24.38
2019-11-15,23.95
2019-11-16,23.84
2019-11-19,23.39
2019-11-20,23.43
2019-11-21,24.02
2019-11-22,23.93
2019-11-23,24.57
2019-11-26,24.43
2019-11-27,24.37
2019-11-28,25.11
2019-11-29,25.01
2019-11-30,25.22
2019-12-3,24.33
2019-12-4,24
2019-12-5,24.74
2019-12-6,24.69
2019-12-7,24.94
2019-12-10,25.13
2019-12-11,24.94
2019-12-12,24.48
2019-12-13,25.07
2019-12-14,24.02
2019-12-17,24.86
2019-12-18,25.92
2019-12-19,26.44
2019-12-20,26.71
2019-12-21,26.53
2019-12-24,26.41
2019-12-28,26.56
2019-12-31,24.93
2020-1-3,24.24
2020-1-4,24.86
2020-1-7,24.13
2020-1-8,24.45
2020-1-9,23.97
2020-1-10,24.58
2020-1-11,24.11
2020-1-14,24.05
2020-1-15,23.76
2020-1-16,24.42
2020-1-17,24.77
2020-1-18,25.36
2020-1-21,25.1
2020-1-22,24.85
2020-1-23,24.94
2020-1-24,24.62
2020-1-25,24.31
2020-1-28,24.51
2020-1-29,24.58
2020-1-30,23.91
2020-1-31,23.66
2020-2-1,23.8
2020-2-4,23.14
2020-2-5,23.29
2020-2-6,23.71
2020-2-7,23.5
2020-2-8,23.27
2020-2-11,23.1
2020-2-12,23.25
2020-2-13,23.83
2020-2-14,24.34
2020-2-15,24.23
2020-2-18,24.99
2020-2-19,25.09
2020-2-20,25.66
2020-2-21,25.59
2020-2-22,25.56
2020-2-25,24.53
2020-2-26,24.14
2020-2-27,24.23
2020-2-28,23.57
2020-2-29,23.57
2020-3-3,23.48
2020-3-4,23.34
2020-3-5,23.79
2020-3-6,23.77
2020-3-7,23.39
2020-3-10,23.25
2020-3-11,24.06
2020-3-12,23.89
2020-3-13,22.5
2020-3-14,21.9
2020-3-17,19.41
2020-3-18,18.24
2020-3-19,15.23
2020-3-20,16.31
2020-3-21,16.03
2020-3-24,15.45
2020-3-25,16.7
2020-3-26,17.42
2020-3-27,17.22
2020-3-28,16.26
2020-3-31,16.93
